,X,collisions
0,0,[]
1,10,"[0.0, 0.0, 0.0, 0.0, 0.0, 0.0, 0.0, 0.0, 0.0, 0.0, 0.0, 0.0, 0.0, 0.0, 0.0, 0.0, 0.0, 0.0, 0.0, 0.0]"
2,20,"[0.0, 0.0, 0.0, 0.0, 0.0, 0.0, 0.0, 0.0, 0.0, 0.0, 0.0, 0.0, 0.0489749430523918, 0.0, 0.05017103762827822, 0.0, 0.0, 0.0, 0.0, 0.0]"
3,30,"[0.03343465045592705, 0.0, 0.06681852695520121, 0.0, 0.0, 0.03353658536585366, 0.03267477203647416, 0.0, 0.03338391502276176, 0.0, 0.0, 0.0, 0.033460076045627375, 0.033409263477600606, 0.03338391502276176, 0.03351104341203351, 0.0, 0.0, 0.0, 0.0]"
4,40,"[0.04957264957264957, 0.0, 0.07517084282460136, 0.0, 0.0, 0.0245014245014245, 0.0, 0.0, 0.025099828864803195, 0.0, 0.07468643101482327, 0.02508551881413911, 0.0, 0.0, 0.0, 0.02508551881413911, 0.0, 0.0, 0.0, 0.0]"
5,50,"[0.020063839489284085, 0.0, 0.020054694621695533, 0.020054694621695533, 0.0, 0.03970789593792789, 0.0, 0.019616788321167884, 0.03965360072926162, 0.0, 0.020054694621695533, 0.0, 0.04009111617312073, 0.06043956043956044, 0.08014571948998178, 0.020063839489284085, 0.03965360072926162, 0.06005459508644222, 0.03923357664233577, 0.02009132420091324]"
6,60,"[0.033460076045627375, 0.03349828701941378, 0.08250950570342205, 0.0, 0.016736401673640166, 0.01669829222011385, 0.0, 0.016710976072920623, 0.03342195214584125, 0.016704631738800303, 0.05024743052912067, 0.016730038022813688, 0.016685627607129314, 0.016704631738800303, 0.05017103762827822, 0.03343465045592705, 0.06646410938093429, 0.016723679209426075, 0.0, 0.033409263477600606]"
7,70,"[0.014336917562724014, 0.014001953760989906, 0.014332247557003257, 0.014318255776114546, 0.028627195836044242, 0.014308943089430894, 0.014336917562724014, 0.014332247557003257, 0.014318255776114546, 0.014332247557003257, 0.04296875, 0.04260162601626016, 0.043010752688172046, 0.0, 0.04291287386215865, 0.0, 0.014336917562724014, 0.04269882659713168, 0.028627195836044242, 0.014322916666666666]"
8,80,"[0.02511415525114155, 0.02481460353679407, 0.012549914432401598, 0.012521343198634035, 0.012524907486478793, 0.04995717956037682, 0.03706871970345024, 0.0, 0.03677309007981756, 0.0, 0.04932991160536071, 0.12478632478632479, 0.03736451796919567, 0.024793388429752067, 0.0, 0.037639007698887936, 0.0, 0.025049814972957586, 0.07435897435897436, 0.05007112375533428]"
9,90,"[0.044579533941236066, 0.06622684597817813, 0.0, 0.04410646387832699, 0.04452314697697951, 0.03343465045592705, 0.011142061281337047, 0.033223433933553134, 0.06632911392405064, 0.03343465045592705, 0.02231237322515213, 0.02225031605562579, 0.022267206477732792, 0.0, 0.033189764378008614, 0.044281376518218625, 0.011142061281337047, 0.04434870755195134, 0.022301064368981247, 0.03343465045592705]"
10,100,"[0.03987240829346093, 0.010036496350364963, 0.020022753128555178, 0.05012531328320802, 0.01984036488027366, 0.019813254383967204, 0.039890585821746066, 0.029833750854019587, 0.020068415051311288, 0.019844890510948905, 0.02003186888231277, 0.040100250626566414, 0.029840546697038724, 0.02004099294010476, 0.030095759233926128, 0.02009591230874629, 0.010031919744642043, 0.030095759233926128, 0.06997948484157739, 0.040100250626566414]"
11,110,"[0.018204385601985933, 0.03644646924829157, 0.027323535499896502, 0.06354791968536534, 0.045567522783761395, 0.0453416149068323, 0.017846026146503425, 0.02716715055993364, 0.02694300518134715, 0.08178053830227744, 0.054406288787753415, 0.036476683937823835, 0.01800869385220451, 0.05453037528509227, 0.045171985080812264, 0.06316007454959618, 0.045181347150259066, 0.045020746887966805, 0.02733485193621868, 0.05471502590673575]"
12,120,"[0.025056947608200455, 0.02489074672240167, 0.0666034155597723, 0.024881291547958213, 0.04155597722960152, 0.024667931688804556, 0.02487184355420543, 0.02490020908572515, 0.0578418357671155, 0.058298518799848084, 0.05820810348107285, 0.04979095400988218, 0.01654306902452938, 0.041452747670659824, 0.04990512333965844, 0.049544419134396354, 0.1001330039901197, 0.041041231236937106, 0.024881291547958213, 0.04140550807217474]"
13,130,"[0.03073410607657183, 0.03090430201931519, 0.0385559060637925, 0.03856266432953549, 0.04628330995792426, 0.02298648885769433, 0.05379358682319958, 0.061689449702068, 0.053518161080891385, 0.015416958654519973, 0.03837392675661468, 0.02298245614035088, 0.053342691700298296, 0.03825903825903826, 0.04616464806038266, 0.09204067321178121, 0.046091833158079215, 0.05377474163601331, 0.05379358682319958, 0.05392156862745098]"
14,140,"[0.04247355573637104, 0.07856213402732595, 0.02865982738967595, 0.021338980289949502, 0.0569383439075972, 0.02151238591916558, 0.056705230568681764, 0.071323888617489, 0.06432177169842045, 0.04298974108451392, 0.04979658258746949, 0.02832492267621683, 0.04981279505127788, 0.0354759967453214, 0.05711031565245688, 0.06381246947745402, 0.028315703824247355, 0.06424853610930384, 0.07809957696062479, 0.04245283018867924]"
15,150,"[0.03995745973868125, 0.07293724358000304, 0.03996353137821, 0.04621465491030709, 0.0861571189788786, 0.04635258358662614, 0.05295997565058591, 0.03341941364119702, 0.03325740318906606, 0.07979936160510716, 0.10653495440729484, 0.04639488895649528, 0.06654512306289881, 0.07319665907365223, 0.053167248974631626, 0.09251101321585903, 0.06653501443111044, 0.060021273362710834, 0.02673553091295762, 0.04678717909767583]"
16,160,"[0.06251780119624038, 0.06880341880341881, 0.06874910854371702, 0.05613335232939165, 0.07506053268765134, 0.07451203875195897, 0.08753202391118702, 0.05626780626780627, 0.05606944642094777, 0.07467578737352144, 0.04997152619589977, 0.06878382227285673, 0.04360837964942283, 0.07477567298105683, 0.02507122507122507, 0.04973635456747898, 0.062036508841985166, 0.056227758007117434, 0.043757126567844924, 0.04386214753631444]"
17,170,"[0.08814467515070329, 0.029084573113523655, 0.04714706670238414, 0.029494570317736963, 0.07644849785407726, 0.05298457411133468, 0.04667381974248927, 0.04668634290313926, 0.06447721179624664, 0.05278670953912112, 0.05308310991957105, 0.04090665236051502, 0.06433453960595094, 0.07073007367716008, 0.06435178978415337, 0.04129239844483175, 0.04643671990336867, 0.04101326899879373, 0.06465459423205902, 0.058705267390430235]"
18,180,"[0.033417721518987344, 0.05541497975708502, 0.06636271529888552, 0.03891494485993155, 0.07754688291941206, 0.08332279681375648, 0.06120384420839656, 0.08860759493670886, 0.061051298290056996, 0.049778340721975935, 0.077859497844281, 0.08877912867274569, 0.016347737929286527, 0.054978464656701295, 0.0720435553304634, 0.07755671017615004, 0.0498923641889325, 0.06675110829639012, 0.06093235368634406, 0.05549220828582288]"
19,190,"[0.047276217902567794, 0.07327017628012951, 0.06306954436450839, 0.03683705303575714, 0.08923003118253778, 0.07361227670543101, 0.04194630872483222, 0.11547233225303084, 0.04224675948151704, 0.07864764416736603, 0.07866650677539273, 0.07333732774116238, 0.06783317353787152, 0.04717320849837955, 0.06822541966426858, 0.08345341018251681, 0.08911009834492684, 0.07374985010193069, 0.06814637072585483, 0.09437582443938122]"
20,200,"[0.06520004559443748, 0.05962832060198381, 0.09997720018239854, 0.07009345794392523, 0.054694621695533276, 0.11446469248291571, 0.049623545516769334, 0.09003875085479826, 0.04957829952131297, 0.0645933014354067, 0.07500284965234241, 0.044740437158469946, 0.07971262401642148, 0.044988610478359906, 0.06504157648934958, 0.05962832060198381, 0.0849583760976166, 0.07476635514018691, 0.05003419193070435, 0.0897596537191024]"
21,210,"[0.037985673974386805, 0.07614708753660918, 0.07163790296320417, 0.08549419550829988, 0.07138207854198307, 0.05207768254312683, 0.03811074918566775, 0.06648590021691975, 0.0810371013234975, 0.04754667824576639, 0.08989251981326675, 0.07603736693460786, 0.09049479166666667, 0.05230602278893109, 0.09518124593010636, 0.08088155466290305, 0.08059442455797809, 0.08570188761119549, 0.06641345632121541, 0.0855127509495388]"
22,220,"[0.09942004971002485, 0.07230163662730474, 0.0587260486794407, 0.08151216986017608, 0.09060784922853889, 0.07694697597348799, 0.07740130556419024, 0.0858889349357646, 0.07708246995441359, 0.04077830676878493, 0.05406525116519938, 0.06806174246348286, 0.140812940688511, 0.07267833109017496, 0.07705053852526926, 0.09089024769406157, 0.07719407315304114, 0.07230912669636383, 0.05874430169912971, 0.07228790707322133]"
23,230,"[0.10859235794892101, 0.060834241553551965, 0.07817299118200734, 0.09112519809825674, 0.06942656234525106, 0.0955117408104627, 0.06932065755595167, 0.07357164075651054, 0.07788347205707491, 0.06513333994250024, 0.05612295488349033, 0.060555004955401386, 0.04762847806713536, 0.08242520309094511, 0.06036277133511746, 0.08230982567353408, 0.05631010211162883, 0.08230982567353408, 0.08681002873847983, 0.08683168316831683]"
24,240,"[0.11205013768872851, 0.10802850356294537, 0.07060724128100351, 0.10821072615092549, 0.0829930680847023, 0.08697303456133688, 0.08361839604713037, 0.07068212046361391, 0.05411563657077756, 0.09988606152677554, 0.07470336971998101, 0.10825182793656822, 0.08325413419501995, 0.10805165210786176, 0.10829296095753776, 0.08731591448931117, 0.07495967359332005, 0.062143671607753706, 0.06641366223908918, 0.08293006926653383]"
25,250,"[0.07591360612412285, 0.05596572782790994, 0.11980685131195336, 0.10371248745781264, 0.07984686901832103, 0.06773634788950679, 0.07983231568395152, 0.09202006383948928, 0.07585703865791393, 0.10355515041020966, 0.06341819509079295, 0.09196135617936566, 0.10768669645299535, 0.09951655568731187, 0.07580174927113703, 0.07580041959317706, 0.09548104956268222, 0.07170189504373178, 0.05174927113702624, 0.07585012307411797]"
26,260,"[0.10369915848527349, 0.08078506965740821, 0.11873466526463372, 0.09974581470768691, 0.057550805886475126, 0.08828939301042306, 0.06895645316744063, 0.09173024642637902, 0.0727543337419016, 0.08824044865054329, 0.09990360178774867, 0.06517739816031537, 0.09577637574483, 0.0763298571553764, 0.10746844319775596, 0.06531650008767316, 0.09963196635120926, 0.06531077408608749, 0.07677475898334794, 0.11912692847124824]"
27,270,"[0.09607429295061207, 0.10745336372077319, 0.11832222128449658, 0.0923816755251835, 0.09607760438633488, 0.08872193145365524, 0.09966244725738396, 0.07421150278293136, 0.09991554054054054, 0.10340170507301427, 0.08123627765580138, 0.06661045531197302, 0.09242066171505739, 0.11495319220713503, 0.08125210934863314, 0.0885605740818911, 0.10329113924050633, 0.09245824194364771, 0.07752003374103754, 0.12569643761607294]"
28,280,"[0.10346510492923378, 0.09989416266384434, 0.08568638619903979, 0.0891476023772694, 0.10321530321530321, 0.10016273393002441, 0.1029064560775055, 0.08578172051762024, 0.11370665798469803, 0.11777633078300505, 0.11403009353395689, 0.07499593297543518, 0.1070498209052426, 0.07848718991459944, 0.08540258894406903, 0.11064106736088512, 0.09257449926722032, 0.07463172458696182, 0.06067507116714112, 0.096435546875]"
29,290,"[0.1068090787716956, 0.11353643216080402, 0.095881798176674, 0.09637134778510839, 0.0996307063722794, 0.12390911235159997, 0.10303363722099969, 0.11360779384035198, 0.10644983895042816, 0.11049115913555992, 0.10675261378822419, 0.08623535885543589, 0.11706972361809045, 0.09302508453251553, 0.0857950974230044, 0.07905479667137698, 0.10670228647756738, 0.10328306628966384, 0.11352030795820567, 0.08257385292269014]"
30,300,"[0.08290273556231004, 0.13316105495173672, 0.09319650323071076, 0.09973434535104364, 0.10642661804922517, 0.10634257500949487, 0.07990884922142043, 0.10999772261443863, 0.11989369779802582, 0.08641506568456223, 0.08656036446469248, 0.13277093783249733, 0.09642857142857143, 0.10335662211421628, 0.10281155015197568, 0.08298534659479159, 0.07642054086903677, 0.09962791404054977, 0.13300904461503382, 0.09271221217417737]"
31,310,"[0.10921652212259297, 0.09341466999853006, 0.10002206369051997, 0.10000734807847748, 0.11895309513306866, 0.11593030949055355, 0.11598146649996323, 0.12869539638182084, 0.10004410467509556, 0.08371922087467842, 0.08379272326350606, 0.1285273368606702, 0.10968263297090802, 0.09986762759229298, 0.10924863990589619, 0.1320976757869962, 0.08690222581356057, 0.0900463473846833, 0.11610817166372722, 0.08693733451015004]"
32,320,"[0.1121788027617624, 0.11573249768535004, 0.09978632478632479, 0.10589239965841162, 0.10266267976648157, 0.09957974214687655, 0.12503560239248077, 0.11229794203517766, 0.09985744832501782, 0.1278125890059812, 0.09984332716137302, 0.1215985183074512, 0.10295478818084727, 0.09033314350797267, 0.13393620051267446, 0.1278050865569566, 0.10622241207461199, 0.10614366056809284, 0.10279043280182232, 0.1368593627485922]"
33,330,"[0.12714966503211547, 0.10867012089810017, 0.12391274333839569, 0.1453038674033149, 0.12702908061062373, 0.13280872506385036, 0.09664735099337748, 0.10902437340330041, 0.09664939550949914, 0.09093421779988944, 0.13002967768652082, 0.10592137082843917, 0.09690564995165078, 0.12399033482913359, 0.10576126001657916, 0.1089163616271842, 0.11813850721535593, 0.11791116944118256, 0.09370899799737588, 0.11164043082021541]"
34,340,"[0.1115428418302405, 0.09686495176848875, 0.11432017690812839, 0.10857181154078145, 0.12347499664834428, 0.09992632777442904, 0.09672878401930554, 0.11730382293762576, 0.10559839088166276, 0.0997856951513528, 0.12660009382749146, 0.0998525666800697, 0.09113449038397105, 0.13195655089177954, 0.11765100221224106, 0.1054289544235925, 0.13494299128101944, 0.12933690555927663, 0.12943856358032962, 0.10854844116661079]"
35,350,"[0.11440291704649043, 0.11422989254314556, 0.13692297675629925, 0.1028110359187923, 0.1169152608610695, 0.14538591695952102, 0.11388364062805395, 0.1482879833355032, 0.134375, 0.14241083051288728, 0.13700592563651756, 0.1397604478583518, 0.13678385416666666, 0.12514650345097017, 0.1143099068585944, 0.15117792528960042, 0.15085617553226122, 0.11118335500650195, 0.09969395064140131, 0.13415744957709824]"
36,360,"[0.13597518516173956, 0.0888776349939862, 0.09683957185382228, 0.0941808981657179, 0.14678144186340908, 0.12746153359083137, 0.13029996203012276, 0.15525316455696203, 0.09702343255224825, 0.12779148478522173, 0.13053657301948873, 0.11391684070628441, 0.11613189038668438, 0.09991768505033875, 0.141473604253703, 0.1274131274131274, 0.0968803391761058, 0.14123828817422132, 0.14976243268926195, 0.11936708860759494]"
37,370,"[0.10505884527697332, 0.1212718757702736, 0.12390688508436999, 0.14013798201305902, 0.13210218528778087, 0.12112068965517242, 0.12147692307692308, 0.13492699155936172, 0.14588336720241393, 0.12679263864097987, 0.11330049261083744, 0.12708577058062928, 0.15899014778325124, 0.10800492610837438, 0.12674755188766398, 0.11072792215790123, 0.11571622120950856, 0.11351584659020841, 0.14013798201305902, 0.137807881773399]"
38,380,"[0.11811589860370349, 0.13880391098314437, 0.16012954300107954, 0.12355443705434717, 0.11015170594231577, 0.10739341608202914, 0.12350860363331136, 0.16016562650024005, 0.125981891227439, 0.10482758620689656, 0.14177761784814683, 0.15756667665567875, 0.1496521113243762, 0.13400083937885965, 0.11027869343721906, 0.1552158273381295, 0.0998981242883682, 0.1314511778457112, 0.1312743628185907, 0.11299706111677563]"
39,390,"[0.11761267317472379, 0.14077017472097236, 0.13285038266051294, 0.14037136517575616, 0.1359251680795089, 0.14343304510399627, 0.13559322033898305, 0.1483840804161066, 0.14058758250102213, 0.13081819774572212, 0.11752673718660511, 0.16377345256882342, 0.11785672548790464, 0.12780373831775702, 0.1376993632061693, 0.1070697620022221, 0.11265630477971252, 0.12044670525638777, 0.10242477359041777, 0.14345794392523364]"
40,400,"[0.11495497549298986, 0.17441595441595442, 0.14990890457754497, 0.1420593766026554, 0.1373319662793347, 0.162311414745232, 0.10502049180327869, 0.1197540003416662, 0.12902307035032753, 0.11212345538408974, 0.13715099715099716, 0.14245841877420826, 0.14475333257377235, 0.1269868398564348, 0.1396011396011396, 0.11976525554099482, 0.14221463136920012, 0.1398553613119982, 0.15726817042606517, 0.12478622734009805]"
41,410,"[0.12657735282672744, 0.15845050853109544, 0.12622385402759234, 0.17242146232971922, 0.14565374562037706, 0.15091192170818504, 0.1020181242008117, 0.11216719470846534, 0.13398166157265906, 0.1436593095013065, 0.11196932651700378, 0.15555679101573358, 0.13646470261256252, 0.12165166166499944, 0.13624235686492495, 0.12897310513447433, 0.15823101283404634, 0.13152772370835883, 0.11432698183434253, 0.1388086241386975]"
42,420,"[0.17845136102375014, 0.14251613953236045, 0.15664350846721667, 0.14751072262337803, 0.11862293304418542, 0.1616090331686662, 0.1305692733488902, 0.14277961686655452, 0.14991047691389506, 0.15407576250949745, 0.12341995334454511, 0.15929923523349787, 0.14246158857701285, 0.11876355748373102, 0.1616594360086768, 0.16425199413967118, 0.14470186099506266, 0.1165654154914298, 0.12831642341706906, 0.16163150187123718]"
43,430,"[0.14637896299438025, 0.1369826718244926, 0.14865652657798506, 0.12268702613859286, 0.1206064782908339, 0.12746449014203942, 0.14384904860338157, 0.14366689622291678, 0.1439016636643001, 0.157797095303721, 0.14587861118473364, 0.15310827282844877, 0.14826598790964046, 0.14384178993690686, 0.1626132570338579, 0.12990040262767535, 0.15326340326340326, 0.16972331177780134, 0.12971310388715065, 0.14862715997031697]"
44,440,"[0.1247669359850839, 0.14946877429385852, 0.133633867039743, 0.1201678930459115, 0.14732697886448404, 0.15227637644377687, 0.14715944432925565, 0.1632230335042204, 0.138270326255826, 0.13378238341968912, 0.15420488108192135, 0.14080861417404358, 0.14039995855351778, 0.16335197845452662, 0.14082901554404145, 0.16545049940485432, 0.15659468696597795, 0.14520973588814087, 0.1541370913424175, 0.13841135045567524]"
45,450,"[0.14637974683544303, 0.15054689082438727, 0.15996352953094925, 0.1596881170573642, 0.15502658900987593, 0.1219042795644467, 0.15271235374563136, 0.15964556962025317, 0.16189126252910802, 0.126506634255039, 0.13749620176238225, 0.13988456865127583, 0.15754568926239051, 0.1488887763883967, 0.1618869071747061, 0.15309429757925655, 0.14216306493243586, 0.1332523288780883, 0.18208516886930984, 0.17301458670988654]"
46,460,"[0.1540900758063717, 0.1408694791047732, 0.14100277447483156, 0.12811370276828604, 0.15592010705258463, 0.16299232103046818, 0.13679362092021197, 0.12793060718711277, 0.13881735340729, 0.17141441664602428, 0.155923301788634, 0.14559595759437233, 0.1845102505694761, 0.15194451325241515, 0.17819820712198503, 0.16486727416798733, 0.16919266963843488, 0.15401387512388504, 0.1497696993710069, 0.1473663346712254]"
47,470,"[0.1296466824989095, 0.15712622489570194, 0.16763594068043036, 0.13375672662044893, 0.15287334043996512, 0.13584795888684184, 0.15918565196316045, 0.15948630966803973, 0.1504995634882142, 0.14012893218942368, 0.15099825547586743, 0.15492752920645694, 0.15308546221338892, 0.17000533540282292, 0.1506716454100189, 0.16146388754241395, 0.1656572508357963, 0.12526652452025586, 0.14005914577980316, 0.16127781278782297]"
48,480,"[0.1476554705686731, 0.16823317193582074, 0.17050953600910904, 0.1664293173834615, 0.1516776612405676, 0.1496081690809784, 0.14748338081671414, 0.1392687559354226, 0.16232131832644725, 0.19327731092436976, 0.1601556937390231, 0.15394836750189825, 0.12673314339981007, 0.15792222591519872, 0.17265606456206978, 0.14118875807064185, 0.1452938661091842, 0.145679012345679, 0.16008928147409413, 0.16438031043812598]"
49,490,"[0.148602780490073, 0.1586024006699544, 0.14073694984646878, 0.14043820067916454, 0.16282856478250757, 0.14663070269264752, 0.17524526898219184, 0.1039244861899005, 0.15040953090096798, 0.16093931643803766, 0.15487589476619876, 0.16492974783660558, 0.15898628225993955, 0.16889033517735114, 0.16095428544854207, 0.16714710805281754, 0.16914705608780578, 0.15108650132613652, 0.14032558139534884, 0.16511671161536315]"
50,500,"[0.15398286547575646, 0.17563933081095864, 0.20557681793329688, 0.1496012759170654, 0.16932543299908842, 0.17166423623769594, 0.15397592558818166, 0.19176647388314585, 0.1756313246421734, 0.17372881355932204, 0.16345145254708807, 0.1597776056145468, 0.17141424729957613, 0.1676458532586419, 0.16165207877461707, 0.13946384608370566, 0.1674800456100342, 0.18343815513626835, 0.1797757929274517, 0.16574761883060657]"
51,510,"[0.14857858036831753, 0.16241226697661942, 0.1702488940524599, 0.17421805183199285, 0.1311497385942178, 0.1837236324633536, 0.1585131573068847, 0.19185734715766894, 0.162453099874933, 0.15448171140190256, 0.16229500871352606, 0.15863794798462777, 0.15836052384570687, 0.1567357512953368, 0.1921032649962035, 0.18383766146694677, 0.16622750212138807, 0.17437134307025773, 0.16828233191869554, 0.1567330890894469]"
52,520,"[0.16706109212025594, 0.17474920050817014, 0.15735261889108043, 0.1651114907784641, 0.16496471928825, 0.17843214583059464, 0.1687765561347409, 0.1536066652049989, 0.17490577614164257, 0.20342396777442096, 0.17457604837649535, 0.14964047702560504, 0.1610711781206171, 0.18029625734069593, 0.1843893882920412, 0.17086638327709364, 0.1612776025236593, 0.17068791872837938, 0.1879547646182169, 0.15721615576897777]"
53,530,"[0.1504516129032258, 0.18651936551605555, 0.17857757137942895, 0.16372232967977648, 0.1694550772009806, 0.1751021285745001, 0.17138189010233038, 0.16394358930260555, 0.17137573646411217, 0.20350062357545262, 0.1675196765730506, 0.18033632962023138, 0.17142857142857143, 0.17344919556052654, 0.15258609570488843, 0.1615566544829069, 0.14871662582226236, 0.15264516129032257, 0.1998366574965612, 0.15419335425353567]"
54,540,"[0.14956741928676937, 0.1647401282483969, 0.18482112723590954, 0.1700628612411931, 0.18111265764055845, 0.17365623154164206, 0.17925882154313694, 0.17390203771674473, 0.16413438001181735, 0.18492254442615338, 0.15900940809180272, 0.17208654941161583, 0.17007807554336357, 0.14926129168425495, 0.1810930576070901, 0.17197129590544533, 0.19569529436589997, 0.1719772103819371, 0.18455370331293522, 0.17203121704281796]"
55,550,"[0.19574133145532127, 0.16137982441610071, 0.15805168986083498, 0.17056703806486354, 0.17227238836881784, 0.19073083778966132, 0.15602719283700878, 0.17212231706306455, 0.194076222038111, 0.19429471763827846, 0.17223096677988567, 0.17968685278767293, 0.1780549455102971, 0.17057507457739476, 0.1740823597646864, 0.17614389920424403, 0.1706912976846291, 0.1905649436713055, 0.18314820954907163, 0.16846204839244283]"
56,560,"[0.16914188062009194, 0.1694653384834316, 0.19074744679985353, 0.15861648016276703, 0.1690610882747955, 0.2049800634713972, 0.15857381252798242, 0.19784421395159651, 0.18170354702245362, 0.1657173081617707, 0.1673992673992674, 0.16720257234726688, 0.19213085405053507, 0.19978028237783294, 0.1712576799446637, 0.17258222077499186, 0.17079721645708704, 0.17631975253368065, 0.1816184547784694, 0.1585886949090465]"
57,570,"[0.17684926029588166, 0.19054664693885712, 0.1697049652194771, 0.16632, 0.18744753148111135, 0.19088364654138346, 0.18742752029431758, 0.2118437362549482, 0.18917299240910906, 0.19760933877028863, 0.2063657083449958, 0.1890670612228576, 0.1836391987525489, 0.18372241765270228, 0.2029750479846449, 0.16807796772647388, 0.19041336851363236, 0.17532078186832953, 0.17133831820544604, 0.20639616230261842]"
58,580,"[0.17703913248467704, 0.18060358377868596, 0.18052116495696263, 0.16993951771266985, 0.17890394814378316, 0.19812247142464354, 0.17724503831794067, 0.177069412782014, 0.17548133595284873, 0.19981923923294562, 0.19107304231660838, 0.17387546650952662, 0.1925253477953313, 0.19469860592970745, 0.177244521247349, 0.19768858838790834, 0.1840150890015325, 0.19966990214956576, 0.1909176618478944, 0.20099099453379998]"
59,590,"[0.20299822270303686, 0.19459898006490495, 0.17915749642843354, 0.2098369523220771, 0.2046191873937896, 0.22341493551625607, 0.16570081903878844, 0.17268409468278179, 0.20451209147801902, 0.19654160876949206, 0.15053888051917952, 0.18112304008650654, 0.19124521886952825, 0.20630814963517738, 0.1894740906633717, 0.1843842916167896, 0.16405405405405404, 0.19284969692289872, 0.18599351050679852, 0.17727483392553683]"
60,600,"[0.18644840290174333, 0.18968398663020358, 0.20980295379475303, 0.18465628560577288, 0.1978197287955331, 0.20126048824936407, 0.16462858878930578, 0.18437642412274038, 0.1895032659881513, 0.2014434947768281, 0.18293331307914326, 0.19768325104443601, 0.18112390288384816, 0.17618902902294484, 0.20306033337130272, 0.19133011663690588, 0.2095292331055429, 0.1695913096323306, 0.19969622175811658, 0.18110684848254643]"
61,610,"[0.1914973102211596, 0.17505233253588517, 0.19154024362902622, 0.20449194663477707, 0.2123193007358709, 0.20466940605155023, 0.2027799574038785, 0.20118033766621843, 0.18314594150386612, 0.17981178579430876, 0.18503716430732453, 0.18499290356315828, 0.19620513203600642, 0.20462354347176576, 0.19297590136372128, 0.18810253344294148, 0.19789214037448144, 0.1815397258227186, 0.1965112804422531, 0.19305783888805858]"
62,620,"[0.20594831072387046, 0.2158001102333272, 0.21084160235207644, 0.17720774686707583, 0.19986034032856775, 0.20293263753629048, 0.19811078031388982, 0.2123474040300044, 0.18200867583265937, 0.2028516830809937, 0.20599801536256385, 0.181988605035839, 0.18526818515797208, 0.2124719803035314, 0.19316761050231668, 0.21738331495773613, 0.22057743167793123, 0.20138275963518681, 0.19947091891097476, 0.2058596478329596]"
63,630,"[0.19027988717726188, 0.20141074335322842, 0.18832814423285787, 0.19791515853481975, 0.19171096886188566, 0.188431486036753, 0.20603124096037026, 0.19168566156517963, 0.20437111014618614, 0.19010087132578907, 0.21402747650036152, 0.20275013569748507, 0.22035001446340757, 0.19318099645672138, 0.18398205758935032, 0.20144639305731332, 0.2076297233773278, 0.18867105548723143, 0.19346788194444445, 0.2074256350872114]"
64,640,"[0.20425895591482088, 0.20269885352132735, 0.20738393620051268, 0.2071433658571327, 0.22773899415871207, 0.19043719737966391, 0.2197136956057261, 0.22129659297233792, 0.18216447134211464, 0.21049820163099606, 0.20722196502973542, 0.20289081134963866, 0.20715328987211, 0.22319108801651422, 0.18107098381070985, 0.216527866752082, 0.18382169687043828, 0.20433017591339647, 0.20118174699224034, 0.21027138685091532]"
65,650,"[0.21492411762644142, 0.2119820514618243, 0.2469940757878501, 0.20260086228048652, 0.2151423762098471, 0.20276239220360373, 0.20280406589554856, 0.20596481390621715, 0.21505451740700487, 0.18437007184159804, 0.2366594207979805, 0.19161466732104046, 0.1994179114944947, 0.2116652637485971, 0.19365802382620884, 0.21518721076987798, 0.20436139256038985, 0.22215988779803647, 0.19496811269184947, 0.22244425746739588]"
66,660,"[0.2054293016508945, 0.19948204419889504, 0.2210370063518365, 0.2255592377796189, 0.19507902546759612, 0.21153846153846154, 0.20571685020885835, 0.19375215740421126, 0.21312437433118162, 0.2222759454325678, 0.21000656054694244, 0.2027479545689923, 0.21167328613365569, 0.22381774249223335, 0.2038379236556913, 0.22673937051352844, 0.2057462531942814, 0.20127762430939228, 0.21440906265110174, 0.2070799516491107]"
67,670,"[0.20376729794974668, 0.1979871476658393, 0.19661201442274984, 0.2023278766633768, 0.22499659817662268, 0.21283255086071987, 0.20264616849767014, 0.19533349205809325, 0.1997210979218394, 0.19817767653758542, 0.18625548861431634, 0.20847503740987622, 0.23680898111923795, 0.2101754863283907, 0.18307320888163486, 0.2056672449569684, 0.2041566039661213, 0.22672243759776917, 0.2010211027910143, 0.2072320304793006]"
68,680,"[0.21430246189917937, 0.20683296452759337, 0.21305323818139177, 0.21269394457290305, 0.20405975748643398, 0.19526984020635824, 0.2067393126571668, 0.20842408605033005, 0.19802311945049422, 0.19528213376223028, 0.22753326852814, 0.21727327568871907, 0.20983309873315906, 0.22329120713351883, 0.22453835584302423, 0.20992826975933498, 0.2026474530831099, 0.21714496446292075, 0.2040022793550766, 0.19773367305887085]"
69,690,"[0.2154796511627907, 0.23136620322974802, 0.23725846407927334, 0.19958392497440808, 0.20981052353601373, 0.22566795468806763, 0.2171615417643756, 0.2313405737299046, 0.19946492271105826, 0.1940416818046702, 0.22420739762219286, 0.22427466790033707, 0.2313713832738803, 0.2124244525909046, 0.2516919216929121, 0.1835514142215173, 0.2081916894947028, 0.20969232800739468, 0.22977837962810055, 0.21570569975563042]"
70,700,"[0.20244799635404798, 0.2125997069835585, 0.21540916343742877, 0.22525719494725877, 0.21394622045706102, 0.20954458152934666, 0.22648265086908403, 0.2012433276917068, 0.200697227380836, 0.22968220890856994, 0.23111964338008004, 0.2324521422060164, 0.23241430943003158, 0.23912335547740002, 0.21387433703185502, 0.20783534698928582, 0.20697734964852904, 0.21647066488581945, 0.18699768977971562, 0.20984801640251244]"
71,710,"[0.2389491242702252, 0.2247320798305846, 0.225, 0.23029738583081766, 0.21077125525564078, 0.22359849821904182, 0.21390751853159196, 0.22473677452491012, 0.23180913236144113, 0.2178840905442286, 0.2152967230477902, 0.22229354559168085, 0.2471744156177755, 0.21776964325851716, 0.20941501139171453, 0.20658105939004814, 0.2277059333183583, 0.22224718379922334, 0.22205108458477732, 0.20970693031168747]"
72,720,"[0.21779044001266223, 0.23425620881905726, 0.23136075949367088, 0.2205942849909813, 0.22988796759288563, 0.20945539698110818, 0.239741641337386, 0.22032932235592148, 0.21637611921409813, 0.2274223150433517, 0.20922872424597272, 0.2216772151898734, 0.2288100737178473, 0.2327995442749541, 0.20791640278657378, 0.21623160892263882, 0.2202574890076867, 0.229846874209061, 0.23144339682338796, 0.2286781227254027]"
73,730,"[0.24471572637297448, 0.22702162853843513, 0.22024478581241413, 0.23658095119211084, 0.2106560958861352, 0.23379947558996128, 0.21751209614484157, 0.24326941095633706, 0.23093498219973768, 0.24324155584691265, 0.2407239819004525, 0.23942826826451954, 0.22554771861931217, 0.21466916354556803, 0.22302674698043132, 0.22691647150663544, 0.22575109974105387, 0.24189876181268127, 0.22708255276632947, 0.23105493133583022]"
74,740,"[0.21037392964947946, 0.24531846741406924, 0.22122994487728267, 0.23852052600782236, 0.21724541312646226, 0.22124030052962187, 0.23839876828329484, 0.24024634334103157, 0.21999569058392587, 0.22922247882986913, 0.22520165014469554, 0.23610726270742896, 0.20754658863391345, 0.22782549798343646, 0.24417888382407293, 0.2386318155229211, 0.24301194434182982, 0.22658247343292776, 0.2266050808314088, 0.23469262042626587]"
75,750,"[0.23151975683890577, 0.22620132434238502, 0.22371459827397594, 0.25936958570169305, 0.22769539321745472, 0.23684690157958688, 0.2432604929641674, 0.22069950469476435, 0.23951877506379876, 0.22758222384339474, 0.22483966077996292, 0.242142379475956, 0.23289585611860494, 0.21402752042769052, 0.23560129945046604, 0.22504708097928436, 0.2555447529926475, 0.23951750121536217, 0.21846135148274184, 0.2286278681051512]"
76,760,"[0.233767012410816, 0.23130658991425315, 0.24291582956010674, 0.22608017750592185, 0.2234687143799868, 0.24683658170914544, 0.2139087146884184, 0.24141135559685833, 0.2285029222238873, 0.25158232594414615, 0.218034065011395, 0.2521507149066275, 0.23379310344827586, 0.2151211612284069, 0.2454215747984294, 0.21810280233777912, 0.23800245795989328, 0.22700287838810265, 0.22588094167041536, 0.20499370541334452]"
77,770,"[0.24487319859142426, 0.24242962436728532, 0.21773477720575182, 0.22704270367849427, 0.23590684461278963, 0.22545422264307274, 0.23846586369151548, 0.26312986359736074, 0.2359976317347543, 0.2382756987209853, 0.2227908765494187, 0.24112824459111493, 0.23989936362290956, 0.22150232241649656, 0.2321687424193119, 0.24507975968510462, 0.237271086654241, 0.237092954410894, 0.2398248935163275, 0.23702826698238863]"
78,780,"[0.2536955886649138, 0.2532651570489408, 0.22520969108922465, 0.22517233321649727, 0.221284425104407, 0.22237161312951217, 0.23154666277201694, 0.24069044072548848, 0.23799929922915206, 0.23919013673016243, 0.2300476343551828, 0.24839350391400863, 0.24072342663472215, 0.23406182434406592, 0.2558051231124222, 0.23282788441873375, 0.23916218742696893, 0.2226539675119785, 0.23424265436065192, 0.24329059953859183]"
79,790,"[0.23246689553702796, 0.23859274437934716, 0.25002884504442136, 0.26138133979574174, 0.24254312582934287, 0.24272040592746352, 0.21704374927854092, 0.24141510249978376, 0.23128839664272735, 0.24121023333621758, 0.23125504671819125, 0.2477508650519031, 0.23741235536832386, 0.22996133648796815, 0.24390666012864518, 0.24399884593190999, 0.2504181325335948, 0.23997923755695252, 0.24511104701471012, 0.2449427178022105]"
80,800,"[0.24190101718095564, 0.2496510866159674, 0.23681736603709086, 0.23716214291817378, 0.2544776331900111, 0.26071977677808783, 0.25054137223615225, 0.24434505156401345, 0.26073462414578585, 0.25832003647139273, 0.24097174755069492, 0.22342455221117977, 0.25058401230699107, 0.24975795888148528, 0.23471130850700375, 0.23091162817190214, 0.240666381888082, 0.2471807722975282, 0.22076627261073922, 0.24969382814502578]"
81,810,"[0.25634175150458405, 0.23540330745865676, 0.24624345770724296, 0.2353752215875517, 0.2525877587758776, 0.23527259421880717, 0.23887357227254824, 0.2462867109260718, 0.2638818565400844, 0.24045221890994994, 0.2710548523206751, 0.21679934737967313, 0.24541413459374298, 0.23040567152422214, 0.23061563123998088, 0.2206688982025822, 0.2537645303836303, 0.22783812686441154, 0.24149860771242934, 0.2551011792519209]"
82,820,"[0.23639446328311747, 0.2631798233431476, 0.23830567831234886, 0.22502640502529322, 0.25780815827498055, 0.267657682689636, 0.2627189324437031, 0.26533107338353384, 0.2286611634564607, 0.24957607094209547, 0.26534015117830145, 0.2507156554848392, 0.24463090045286584, 0.24607606189404674, 0.23613078867683418, 0.25062517365934983, 0.26656475819899944, 0.2653231410701876, 0.23861551292743954, 0.24687274142436205]"
83,830,"[0.2498283768569624, 0.2539795806345373, 0.24857919446503582, 0.24652567975830816, 0.2550155062162088, 0.26100922468701954, 0.26208260105448156, 0.2683214805458689, 0.2442498764889938, 0.2381971892841458, 0.24642298080355918, 0.2476598314529633, 0.2560674280694048, 0.2523061717548869, 0.25729035092536656, 0.2418297066652032, 0.2537264267479206, 0.2609137334578002, 0.25126924449079285, 0.24068075761734833]"
84,840,"[0.24108257777295183, 0.27077457149056194, 0.2541452956660968, 0.2708678078289884, 0.25416237323065244, 0.2496201844818231, 0.23982207274403972, 0.2638787188457679, 0.25652645861601087, 0.261096039066739, 0.26602268410484614, 0.2768946997233223, 0.24506958196565662, 0.24962026689812303, 0.22441393531582374, 0.2422269249552336, 0.26588905465889057, 0.26351919685253017, 0.23750372921808469, 0.2516820401519262]"
85,850,"[0.24527896995708154, 0.2511463277290644, 0.25117276504490016, 0.2476274730577449, 0.2525398740115266, 0.2512667899943698, 0.2819646639320089, 0.25943699731903486, 0.24641295894011317, 0.2584113026460417, 0.25105937885533447, 0.27241277588564994, 0.24380885943494943, 0.2653887399463807, 0.25008044620830205, 0.26303939962476547, 0.260815954538144, 0.25232542554617343, 0.241856350036194, 0.2747688597078923]"
86,860,"[0.26938148697309894, 0.27289828577484565, 0.24705944685811168, 0.27513844360244827, 0.26702527955906513, 0.2669933774834437, 0.2506557854852813, 0.27169191651658015, 0.27491518235793044, 0.2586517568498596, 0.2785447415140836, 0.28992843890803077, 0.2693662438094229, 0.2563124287947434, 0.2542175375407188, 0.25991469520756616, 0.2718168812589413, 0.2657123923127899, 0.24378610419206106, 0.2564856771868458]"
87,870,"[0.25345658321985964, 0.252434554973822, 0.26851948868398995, 0.27266535690897187, 0.2628394835397952, 0.2502553358648684, 0.26507633088062005, 0.2555995075053048, 0.2532596742943918, 0.2617688642195109, 0.27308679482478654, 0.268320800691697, 0.2419946543682197, 0.27167448319228654, 0.2568756875687569, 0.2478328051750779, 0.23522480295373013, 0.2509957027565245, 0.24192027657011156, 0.2638910709609846]"
88,880,"[0.26659761781460384, 0.2538712517478896, 0.2585595610879636, 0.26205521313513236, 0.2709697455938301, 0.27906796116504856, 0.2505821474773609, 0.263043421972502, 0.2710969645213881, 0.2735370274469187, 0.2745087887338528, 0.2711139896373057, 0.2678349554773245, 0.26289888106092, 0.26281719316416363, 0.2745681953543776, 0.26540284360189575, 0.25059554634904196, 0.27346177750155376, 0.26658553006370084]"
89,890,"[0.28824146847238935, 0.2689815881795601, 0.2457568543122648, 0.26684428959368756, 0.26103430619559653, 0.2745570009218478, 0.26908699882226433, 0.2681871704295295, 0.2512800819252432, 0.2848730028676772, 0.24772145417306707, 0.27823303457106274, 0.2725619750051219, 0.27470558115719407, 0.25250249609585007, 0.2566840811309158, 0.26255696072909734, 0.2599590373783922, 0.25469621743358756, 0.2659686131947467]"
90,900,"[0.27744303797468356, 0.2650574945544805, 0.2849146446481941, 0.28173257050275935, 0.2706856390520559, 0.27840664488844996, 0.27732603794614585, 0.27040299716484406, 0.27389454490199056, 0.2604069016189921, 0.2751689745082652, 0.257220970559198, 0.2649531526968853, 0.27508484019652535, 0.26185895813294185, 0.2782109046727079, 0.27372872771474877, 0.27156678992958816, 0.2882312735741589, 0.25855609558525716]"
91,910,"[0.296111640026056, 0.27748717306970344, 0.28610408791648934, 0.2696778395711208, 0.2722197185919583, 0.25872602533927586, 0.2797185285352966, 0.2598017124831005, 0.2795903548088239, 0.26307615230460923, 0.278754193580692, 0.26990962121022455, 0.27316217908578583, 0.26107856391768064, 0.2719965947218188, 0.257915947035118, 0.26652478718077116, 0.27740497771545897, 0.27008084904007407, 0.27310514059643937]"
92,920,"[0.261482435713224, 0.25910058937150215, 0.26019965815353363, 0.2746885294627598, 0.2569949982667261, 0.27114908370480434, 0.28963860196675834, 0.27554355901144073, 0.27784107797483404, 0.2668895492818227, 0.289589733425825, 0.2906550391437915, 0.2756545215862086, 0.28974022436294294, 0.2875715028601144, 0.2636624882326711, 0.2745651850750706, 0.2852895264996655, 0.2688611482637341, 0.27999009410599307]"
93,930,"[0.2856022354036963, 0.2554411764705882, 0.2542638698294452, 0.27577925896882965, 0.29720922255163795, 0.26523411658050133, 0.2800313541054282, 0.257462137920894, 0.27584854797206226, 0.2920852732173487, 0.2683572216097023, 0.2833312921004287, 0.2756997892053532, 0.2814261210487626, 0.2811841395873156, 0.2553295760842931, 0.26600514516721796, 0.2683631732347106, 0.2919861822279932, 0.27575393811705334]"
94,940,"[0.2718145219964107, 0.2632753018767276, 0.2898550724637681, 0.25683470673776054, 0.28552028518078426, 0.2814378514640295, 0.2782492725509214, 0.30280033943508305, 0.2612236982449336, 0.2730181042631056, 0.26974433539319037, 0.26781082587933, 0.2791836338956758, 0.2718481896175658, 0.25390861713731666, 0.28031717548922136, 0.2921242091484256, 0.2812969514854844, 0.2836609545046901, 0.2719053736335652]"
95,950,"[0.2824491557943208, 0.28570743175166724, 0.27516311648436, 0.2899774504629852, 0.29204155569951296, 0.2702197064184976, 0.29426439897330103, 0.2732025516811358, 0.2754120384809155, 0.2879038641433403, 0.28166582751924046, 0.2824736829484689, 0.28882918755547027, 0.2816600695693895, 0.2933173365326935, 0.26877413474684, 0.2754297221489703, 0.2942050876309669, 0.290015581924967, 0.2783069798689925]"
96,960,"[0.2619025015426971, 0.2878165721202915, 0.2961688188378276, 0.26613018088591367, 0.2807567233971848, 0.2776709629946118, 0.2886619969132138, 0.2931656383483626, 0.2786192488485827, 0.2797388724035608, 0.2806646884272997, 0.3015503691920511, 0.3025794357039463, 0.2870023252503203, 0.2806834361651637, 0.2975102651128569, 0.2714424835514596, 0.28254367641473604, 0.27039533007451, 0.2858160237388724]"
97,970,"[0.28379457783207257, 0.25809255344139065, 0.27671020484871267, 0.27569040015029117, 0.2621972704423199, 0.29085911621678767, 0.29003993422598073, 0.27892115402687717, 0.2952714289070024, 0.2797330952492834, 0.2964180857310628, 0.2646325983733722, 0.2807903763920868, 0.2879296975962781, 0.2953114723292305, 0.29209258606509225, 0.27787826822335504, 0.2735006580184245, 0.27764202810018324, 0.2893482090428655]"
98,980,"[0.2576271974700028, 0.29524629052514073, 0.2943516493742149, 0.30135361428970137, 0.27771061930444485, 0.29943752324284123, 0.28301579547305, 0.29719043631965764, 0.2963393375944218, 0.2901823086224537, 0.290263347511796, 0.28101901352796244, 0.2913334573182072, 0.29227334046611153, 0.2812993772655451, 0.26991284137129573, 0.2973809080759211, 0.2818198734648307, 0.28419633100048824, 0.2728372093023256]"
99,990,"[0.2975615366919715, 0.28044934508874103, 0.2803140180030849, 0.29114477804383865, 0.3016136086366043, 0.27992077931050363, 0.28621403912543153, 0.2894343011074529, 0.2934275000575122, 0.30050871256589096, 0.2882167437792049, 0.28732297063903284, 0.3014316622934217, 0.3037948482060718, 0.2853460972017673, 0.3014550142738742, 0.2934069727304108, 0.3046959482778455, 0.2874660654304514, 0.28805599042269087]"
100,1000,"[0.2864856244589238, 0.29834594003463044, 0.3042824258723249, 0.294415202679609, 0.283403576717166, 0.29856254413741257, 0.26326586433260396, 0.2845035767986513, 0.304536030802178, 0.2954892530713651, 0.2934284607143671, 0.31144627722591817, 0.2962895474113386, 0.313334852974698, 0.27840313539625394, 0.29435750244880293, 0.3084670069267226, 0.29336188436830835, 0.2945519174242942, 0.27760309865573024]"
101,1010,"[0.28952355170546834, 0.29160367353385835, 0.3131532019593237, 0.28768050541516244, 0.2925360341055196, 0.2848118400866348, 0.28948971992146066, 0.28453450065436164, 0.2798754905941264, 0.29537350485217784, 0.30244045470949116, 0.31817566653133034, 0.3044762656443793, 0.29243303017309474, 0.2936198063598817, 0.29961203590923446, 0.2788515753625476, 0.2913705583756345, 0.30441551409038603, 0.3006538895152198]"
102,1020,"[0.30808250094969947, 0.2995666547533953, 0.2986888248564855, 0.3004221859852123, 0.30542091979182956, 0.31786185166148967, 0.28970834730137446, 0.2975382003395586, 0.3240050029034708, 0.3171957731060521, 0.31399660471765545, 0.3054054054054054, 0.27799253681317454, 0.30334919677368904, 0.29819344452890933, 0.29835069056451974, 0.3004960228796139, 0.28799016869623506, 0.30611834610315636, 0.30316165791531674]"
103,1030,"[0.31973617228481, 0.29867486671238636, 0.28956743002544527, 0.2819457354047714, 0.28978039233031827, 0.2965756757952484, 0.29327902240325865, 0.2975806094917953, 0.3071392225835712, 0.3003938575917157, 0.296456849648339, 0.29064442625489456, 0.30146196890274923, 0.3072090605437211, 0.29747437855545966, 0.3080362083084346, 0.28799274432597444, 0.29585406301824213, 0.3246250497721541, 0.3207901955579152]"
104,1040,"[0.30616358815924977, 0.3244273137400902, 0.2916127901115519, 0.3041696794408291, 0.31941430481576466, 0.28200240990250847, 0.30975021910604733, 0.3072574283460426, 0.3100819348902423, 0.3290892356241234, 0.2899572883583397, 0.2973103312216401, 0.3034650429297354, 0.29351184346035014, 0.3117708972897114, 0.2958036594718966, 0.30503123972377505, 0.3022440392706872, 0.3167700501939811, 0.2813040906202756]"
105,1050,"[0.30997222704391597, 0.3107893994313372, 0.2994814830885384, 0.2947713411325505, 0.30627346309919057, 0.29459905353188903, 0.3271579495411849, 0.2926972269874704, 0.30058367869464275, 0.3005923322267786, 0.2994291419765145, 0.3147537426773704, 0.3033525008137138, 0.3241160766609511, 0.3002712379299121, 0.30118234081787615, 0.289957014458773, 0.29460022571403766, 0.2947443798281399, 0.3012325318982727]"
106,1060,"[0.3040383622914158, 0.31051907280780977, 0.3163833308259365, 0.3088567312447589, 0.300477152559859, 0.30514342235410485, 0.31341615440828785, 0.2918646910819122, 0.3090033743847658, 0.29671274697396427, 0.29570135260090746, 0.3078494623655914, 0.31531415301251453, 0.3267482104086502, 0.316338155321024, 0.31087904768044006, 0.3247431543653011, 0.3136163353036002, 0.3116777022959842, 0.30524392864818395]"
107,1070,"[0.2826299876506409, 0.3003960986413391, 0.3024161788185205, 0.30512481894862403, 0.30518360830228847, 0.30340570455512983, 0.3329356371306219, 0.30875399361022365, 0.3256611165523996, 0.3068239904583404, 0.3127089232865629, 0.3263606347853872, 0.3088110041734094, 0.3078758441447775, 0.30315547417280586, 0.3097007773400064, 0.29391467336897487, 0.31354470540638374, 0.3023374632775578, 0.29949962738209307]"
108,1080,"[0.33376921941239746, 0.3216252135940763, 0.3105288694808345, 0.31333333333333335, 0.3105841648910361, 0.30132736826555806, 0.3114069323431995, 0.3078837999198329, 0.2845200650186823, 0.31612481275976284, 0.32365416675459513, 0.2940121529242974, 0.29771878363264187, 0.29105138806851744, 0.3178826110806363, 0.3115715732613099, 0.3261530022363813, 0.2946464369368419, 0.3085070470081863, 0.30855081330829764]"
109,1090,"[0.30309489478193635, 0.30510140079448045, 0.33157069704253317, 0.31764115642703344, 0.32064467578076006, 0.327764651765739, 0.32048333821131414, 0.3114846641159129, 0.3206387692822206, 0.32800969960490833, 0.3067839826116034, 0.32343227424749166, 0.3096472161845845, 0.29922017101879533, 0.2930392976588629, 0.30574140670736805, 0.3086362971170531, 0.33241362011663633, 0.32524505193638054, 0.3048767741800623]"
110,1100,"[0.3075153850935538, 0.32667812687695463, 0.31737184534416313, 0.32231678780725187, 0.30128019223598623, 0.3059059929981563, 0.31577202759535106, 0.3295920480430731, 0.3094295837390962, 0.30840773038921226, 0.3031558022032635, 0.32118889809444906, 0.32914119962705896, 0.30494573771849887, 0.3157654858089911, 0.335716506061548, 0.30939901804396014, 0.31233688222378725, 0.3201980649304908, 0.31942976730693523]"
111,1110,"[0.30924065972436177, 0.2968230513483561, 0.30749964072348024, 0.3210898041309079, 0.30756602573310626, 0.3164107406799146, 0.32095850187881153, 0.33340177819757294, 0.32099601757195056, 0.3023666331410743, 0.32643135645392984, 0.3402036459188701, 0.3058103975535168, 0.31484217871362313, 0.32109508075604903, 0.3146436639967139, 0.3083003141103287, 0.3292292538783551, 0.31121192216109694, 0.3138253104793185]"
112,1120,"[0.32789453339572355, 0.29677931273015806, 0.3342354257808526, 0.3165324220974697, 0.30020147750167897, 0.3206690950530107, 0.3137781576216348, 0.3263487671901701, 0.33257389287821154, 0.332458656251907, 0.33232954198628606, 0.3154029255589689, 0.32903488253839114, 0.34923963274363307, 0.32813930307776806, 0.319226389001871, 0.3138120423108218, 0.3280452335916367, 0.33786861907667276, 0.31465999471125483]"
113,1130,"[0.33057051243269403, 0.32679158514693724, 0.3232019684562946, 0.318041580125426, 0.3284806936183083, 0.3189203354297694, 0.32619081215102097, 0.3357599467623868, 0.3181323114158935, 0.3357066499929406, 0.3169536637496471, 0.3171090553640889, 0.3304244427425531, 0.31804706878819045, 0.31251638930912756, 0.30469931254158017, 0.32505848189078, 0.31960883153543707, 0.32598701455821266, 0.31878883240539013]"
114,1140,"[0.3294559699404405, 0.3205404973215, 0.3276830511523777, 0.33349322460726705, 0.3206058063098164, 0.31579052568458926, 0.32584966013594563, 0.3360252668612322, 0.31965870034369753, 0.31356643356643354, 0.3379110444777611, 0.3256976093387703, 0.3326734653069386, 0.3205189716524729, 0.316983470248446, 0.3302752293577982, 0.2906590990846956, 0.31440279860069964, 0.3283573141486811, 0.3256664401902402]"
115,1150,"[0.32379688150100056, 0.3357629535731263, 0.3281745402663285, 0.3194738822970109, 0.32462309566733366, 0.32199762187871583, 0.32827542490392614, 0.3150855920114123, 0.3445761166818596, 0.3090588608096332, 0.34630928325210986, 0.3298262299629475, 0.31171610295428875, 0.32119854937476466, 0.31855198240504073, 0.3227986050566696, 0.31844029244516653, 0.3393942995226494, 0.3236623067776457, 0.31433553961396693]"
116,1160,"[0.3149159333752357, 0.3303736298275252, 0.33887480595020536, 0.3210153042179918, 0.33717092337917487, 0.35024643116617904, 0.31584220659306117, 0.3218137880901393, 0.30900377121307354, 0.3225515033680944, 0.32684373894935365, 0.33196423307457995, 0.3148897708963729, 0.31917652143165837, 0.3320892590555512, 0.32187272834436825, 0.3304265849634692, 0.3054251075786454, 0.3252077235852207, 0.32432166925359057]"
117,1170,"[0.3259510313796529, 0.36022196261682243, 0.3362159635386234, 0.3208421790701751, 0.3266867880440074, 0.32600989443340733, 0.3250146113383986, 0.3138072054527751, 0.33454687043706804, 0.31044491195262586, 0.33004283489096575, 0.31996882914474967, 0.3209075859382608, 0.32325436408977554, 0.32600568557965653, 0.33769546844267884, 0.3286345670839742, 0.33704583511819, 0.3379497068505425, 0.33664543028035926]"
118,1180,"[0.34766907419566645, 0.3334298789318195, 0.3246249203498813, 0.34522844011895104, 0.35115093465162983, 0.32846222153584803, 0.32245481229723466, 0.32977326277569624, 0.34600899978755867, 0.33324963785610817, 0.3382903936034609, 0.32964994977204237, 0.35615512379775194, 0.34348816556623807, 0.33689292266100224, 0.32835878525783346, 0.32651760889712694, 0.3342796994804643, 0.33420254582681425, 0.31887695991349346]"
119,1190,"[0.3245526648530595, 0.3438768476679176, 0.35312817173825617, 0.3247650582808582, 0.3329246801011417, 0.33721464685153973, 0.33465433729634525, 0.3289413206679945, 0.3312458105908264, 0.3490389033542656, 0.347339793925001, 0.33136060675706736, 0.33874674429293705, 0.3390265385057251, 0.3203425878024947, 0.33051756503083934, 0.3089676826466534, 0.3396096308924091, 0.33217144827057876, 0.3161049406357717]"
120,1200,"[0.3334851936218679, 0.3268460326200467, 0.3360929667324928, 0.3344915978353745, 0.33344728046186567, 0.34019522199855673, 0.3395438056710919, 0.3252842796666477, 0.3285548825640344, 0.35384118908863116, 0.33031425045096363, 0.3385573982257176, 0.3355288133019513, 0.33182664185057165, 0.3302062364692924, 0.33289653600729263, 0.31944549943030764, 0.3326368575010447, 0.35682417937083516, 0.3270942880464701]"
121,1210,"[0.33477753079908074, 0.3397544533574361, 0.33176355347926006, 0.33415557271169527, 0.332623926472804, 0.34241362420406163, 0.3331889163071938, 0.34588151105419757, 0.3364910166107951, 0.3366034609373529, 0.3249726961171996, 0.35481015519059816, 0.34468021011805017, 0.3405200820984051, 0.3309360644626854, 0.3506901941583021, 0.34495613209323345, 0.33408641626659136, 0.3457006249529403, 0.33397363465160074]"
122,1220,"[0.32562656407574797, 0.34459825515141324, 0.3365021852004034, 0.3343542242474042, 0.3290250280164363, 0.3354312180181526, 0.3321067672824402, 0.33633986928104576, 0.32561832175147576, 0.34197007341540414, 0.3354066270686242, 0.3427781617138908, 0.3437091533778989, 0.3543899615341524, 0.3387482261557995, 0.3445622945921721, 0.3386949130377926, 0.3288991854121516, 0.348754714163026, 0.35844898111656925]"
123,1230,"[0.34918958970084285, 0.34165724977306833, 0.33763707765263784, 0.3489427941367233, 0.33586017718797495, 0.3465051223624002, 0.33599422136612833, 0.3360502380379008, 0.33765752409191996, 0.335063009636768, 0.3530207310521148, 0.3366316452646988, 0.3408560311284047, 0.3527580648149864, 0.35714550303748704, 0.336013189337384, 0.3310973575955231, 0.33113539544360066, 0.35712433313574393, 0.347312484956211]"
124,1240,"[0.3406736702909198, 0.3663333578413352, 0.34790996784565914, 0.3596404147363777, 0.3446134626690182, 0.33884692433515284, 0.3486277321274288, 0.3592297232736761, 0.36459672974462615, 0.33141512382563293, 0.3576508204854922, 0.3613806793118659, 0.35978835978835977, 0.3250886638857752, 0.3511418125700428, 0.35733318632045136, 0.3374430398353668, 0.3428539920599912, 0.34638565286097533, 0.33536137048746417]"
125,1250,"[0.35546034639927077, 0.34411072815799554, 0.35218841715733634, 0.33945037722783106, 0.3498167496307642, 0.3417599241789086, 0.35144795389889855, 0.3480687164897691, 0.3506872288453826, 0.35922630984066795, 0.32250829656102986, 0.355360300417449, 0.34670408776949574, 0.3473379144414268, 0.3470143130640897, 0.34329718399708375, 0.3552857090763228, 0.34805512011957274, 0.32643573381950775, 0.3417502278942571]"
126,1260,"[0.3391452187596086, 0.35097936373008265, 0.3614516654008897, 0.3565448529012893, 0.3605427408412483, 0.3445700334569129, 0.35169345943111335, 0.346231037662502, 0.3438506350182726, 0.331084868980234, 0.34625748232272996, 0.3358354737184821, 0.3548883060504658, 0.3568111594962326, 0.346154541673448, 0.359594863447278, 0.33832968701972627, 0.3445680687471732, 0.3518903574592728, 0.34613854223186835]"
127,1270,"[0.37097526831544564, 0.3703936273278553, 0.3476123847450938, 0.36693099860059564, 0.3567853619158669, 0.3355876865671642, 0.350843200574094, 0.36319265001435547, 0.3424618200742961, 0.35526174159520646, 0.36004735341070115, 0.3466692979780764, 0.3419296987087518, 0.3512883083327352, 0.35297495155386494, 0.3608295509588992, 0.34887350218841934, 0.35668778377990346, 0.3418762002189558, 0.3473767315007536]"
128,1280,"[0.34318873600455685, 0.34946236559139787, 0.3368767806267806, 0.3532563230870548, 0.3651104426605913, 0.3602805069058807, 0.35545428652805466, 0.3360984032611211, 0.36041585074945703, 0.35576204208052975, 0.35186602359892505, 0.3502775603159917, 0.34093983624065505, 0.34632913195186216, 0.3673549305802777, 0.33928062678062676, 0.3453690844995193, 0.3476968002706505, 0.3765780523851071, 0.36812032751868995]"
129,1290,"[0.37069224383092225, 0.3543811929279192, 0.348127870010597, 0.3433497623968767, 0.36066239429408753, 0.3461266734960613, 0.3442457863679729, 0.35446370205473404, 0.37362870316391966, 0.3629103501890526, 0.3498039769717091, 0.3474305297931351, 0.3480772288071223, 0.3598544401066968, 0.35449006622516555, 0.36511693633858544, 0.3559797965526985, 0.3668032063279071, 0.36310333256803773, 0.36821458863443596]"
130,1300,"[0.3501594980194202, 0.3632188743405024, 0.360217315106905, 0.35330401107470166, 0.34696417303512583, 0.3717515114343293, 0.3623442401724531, 0.3555999719475419, 0.3639915892763273, 0.3563516545148626, 0.3663080050469648, 0.3523938034487593, 0.3556898817345598, 0.3756353184478951, 0.3707132337471071, 0.3518326993531649, 0.3698800673306214, 0.36867934449215667, 0.3448233562315996, 0.3462111518168592]"
131,1310,"[0.3661927715036456, 0.35739130434782607, 0.3626117507913869, 0.36428633556579976, 0.36198709363204673, 0.35910055302424265, 0.3521913043478261, 0.34484078649730293, 0.36190161424993045, 0.35421560950143566, 0.3648446470199367, 0.34803187972018235, 0.35880358229719156, 0.3628252400166968, 0.34891610703225584, 0.3567837447593201, 0.3618731191399795, 0.3596625500086972, 0.3520641603312399, 0.3719304347826087]"
132,1320,"[0.3528995268193279, 0.3765749594394007, 0.3577975317165789, 0.34208936676964496, 0.36156514835079484, 0.3638231384126655, 0.36847919903331605, 0.35529245266736853, 0.35224447513812157, 0.36978474391949046, 0.3533228639964105, 0.3599157647627432, 0.37728944052201835, 0.3547813476511921, 0.3606857379624674, 0.369108049311095, 0.3591934676403059, 0.3546945115636866, 0.35783459061955153, 0.3562093195904767]"
133,1330,"[0.35865188561246, 0.3541627400921817, 0.3625773072244779, 0.3632111034955449, 0.36488384842047555, 0.37667077935430804, 0.36699684672333427, 0.3491783333618932, 0.3645772644710237, 0.37150933698817884, 0.3587284187448616, 0.3618213600219358, 0.37206194750907967, 0.3587868616638696, 0.3587652882935352, 0.35115406364056956, 0.3753233626287026, 0.3642482786969479, 0.37072008774034343, 0.3626211763093892]"
134,1340,"[0.3598211097318346, 0.3710140983996871, 0.3592634156294634, 0.3659896320217558, 0.368671585461222, 0.3665516127386802, 0.36881482741030436, 0.37254901960784315, 0.34719317041647535, 0.3634292321294974, 0.35305820537672805, 0.36949054550401306, 0.36044434615450044, 0.3778061224489796, 0.3695093954595698, 0.3546116174670113, 0.34328307467405533, 0.36818931370382335, 0.3702097259784661, 0.37247968447179625]"
135,1350,"[0.36744515932924665, 0.36161558196057253, 0.3540942090157015, 0.3592708245421555, 0.3660985487681404, 0.36749092750443074, 0.3579240506329114, 0.36156923648272254, 0.37426574843022076, 0.35468238154739795, 0.36832779249708897, 0.3782958036528139, 0.36084893714015565, 0.3727260454284654, 0.3638589204612605, 0.3793726059297008, 0.3506826658565811, 0.361438261397766, 0.36966608736733764, 0.3688279680615811]"
136,1360,"[0.3853204859656473, 0.3589911178146472, 0.38686987104337633, 0.3639806297022403, 0.36036473960341275, 0.37885691312941805, 0.37817097282262657, 0.37217094131640227, 0.3677532891980223, 0.3760639367334629, 0.3705261394101877, 0.37281149999162294, 0.3720302918607379, 0.37444941298631695, 0.3675684730714465, 0.37507750573961424, 0.3735696694533331, 0.36988389820569956, 0.3641025641025641, 0.3686476886215505]"
137,1370,"[0.3753097094966493, 0.3833283438113295, 0.3561256405137419, 0.37154406627407927, 0.37954273162939295, 0.37170806368430687, 0.37460085151676425, 0.36361519526312286, 0.37745513811970927, 0.3651319072490768, 0.37966152463681296, 0.37151790317484074, 0.3606388288138413, 0.3877717346107147, 0.3679317456093667, 0.37253891179992016, 0.38175102326045723, 0.36796767166115113, 0.3641824323200053, 0.35994612033126017]"
138,1380,"[0.3543180917140214, 0.37981142357040243, 0.3805670690423898, 0.357921511627907, 0.3640567455533352, 0.3820922132162372, 0.3710553693214657, 0.36891648638382907, 0.36168210411610285, 0.37473576430175715, 0.3610175647120972, 0.36387655014118464, 0.3646435293729155, 0.38108527643833806, 0.38344809365763444, 0.3660288266274827, 0.3806497408300043, 0.35114390412993957, 0.3580783141484038, 0.3760589196954935]"
139,1390,"[0.38703542797186746, 0.3893770491803279, 0.3820381267723376, 0.384369519251258, 0.37857950726965756, 0.36204776814255035, 0.3698834483549989, 0.3784763216581398, 0.3900463911610904, 0.37263903462749215, 0.3769612906399095, 0.3836240818467996, 0.36481988555313255, 0.37765791760250506, 0.37277912541795055, 0.36113980292820486, 0.36098128925402995, 0.3721315237345922, 0.363369518874422, 0.36489876219362244]"
140,1400,"[0.3908218063466233, 0.3672725497534701, 0.3629483757567867, 0.3672237319577563, 0.36371180318266133, 0.3679242212167573, 0.377365860009439, 0.39071144958666926, 0.37857235857040555, 0.38574358640447975, 0.38139746950871994, 0.3671858470452289, 0.36232402961998533, 0.3783704572098476, 0.3702534220934586, 0.37506917092542563, 0.378022585999284, 0.38501228901150775, 0.368017578125, 0.37091341068493594]"
141,1410,"[0.38370928128231646, 0.3731336048089975, 0.38514256158272453, 0.3795221622320649, 0.3901796678084405, 0.3695234093443444, 0.38946059029741037, 0.3852131905061962, 0.38515118703233836, 0.3730503790144009, 0.3746082517527705, 0.3936577718155517, 0.37376365634494796, 0.3922088418330235, 0.3808546400749911, 0.37738349169413743, 0.3752605976372481, 0.3802101859337106, 0.36817021551584866, 0.37602197447083535]"
142,1420,"[0.3859041016753322, 0.3718269631911684, 0.3866852796765187, 0.39084795274705875, 0.39782755190450214, 0.372636815920398, 0.37889973038901015, 0.3978724087029074, 0.3753971565197856, 0.36708962286850927, 0.3844808216979618, 0.36984323101362304, 0.37815584624026966, 0.38677020327616357, 0.37480143129924104, 0.39153456132469033, 0.37899396894649046, 0.4007155348061157, 0.38240675354689607, 0.3797519136030297]"
143,1430,"[0.38605184748490307, 0.3910071541243766, 0.3825769647523743, 0.3741989989479389, 0.38258541560428355, 0.38386366534880756, 0.3881745614454376, 0.37629473818402015, 0.3846399031029372, 0.3861010628973914, 0.388152444076222, 0.3819485381980403, 0.3817903596021423, 0.3812012107694759, 0.3844670406732118, 0.39101410021508803, 0.37679704185394153, 0.37069556210660504, 0.3727198865718246, 0.38190970784082584]"
144,1440,"[0.4089722288155708, 0.38488907161719826, 0.38751641951667276, 0.38252421039306284, 0.38539094650205763, 0.3803886813952016, 0.40088621617344516, 0.3798201734945862, 0.37156239121491186, 0.38895218203107695, 0.37147965318650716, 0.38619140285095005, 0.38822022237335313, 0.386932924031204, 0.39154309949201627, 0.37729847770357944, 0.3874638013704049, 0.38689977058777, 0.37859222686416, 0.3903508077915091]"
145,1450,"[0.38044623343134326, 0.3779579522956538, 0.38606639839034207, 0.3840470351506005, 0.38807682635483465, 0.3661721721092498, 0.38481967470731515, 0.39581925343811397, 0.39861117657224554, 0.38013607152396967, 0.38149253731343286, 0.3862954291909558, 0.3925743196530702, 0.38005971087366436, 0.39595153153436324, 0.37653622505107653, 0.3805137233942214, 0.40062853551225647, 0.38563549801235014, 0.37736086232362276]"
146,1460,"[0.3896874073380464, 0.39941322430125314, 0.40052454102660173, 0.38987017850455624, 0.37755723046673845, 0.3800945943836536, 0.3992881562309746, 0.4087510341705562, 0.3802821297047625, 0.3926157208648817, 0.3916036969961906, 0.3955059686354061, 0.38095238095238093, 0.396403427982704, 0.3801111180473188, 0.3946374504479196, 0.3837174825611336, 0.38965377290749587, 0.39851067815661295, 0.40286534739996255]"
147,1470,"[0.40206153607688133, 0.3898139534883721, 0.3801640081228976, 0.3803810321040475, 0.39597117843030916, 0.405419650885189, 0.39933343667648424, 0.38638618465926705, 0.3952093023255814, 0.3883970791150525, 0.3958459273037278, 0.3944937062069821, 0.4083068578070515, 0.39732142857142855, 0.37289186507936506, 0.37814253386651786, 0.40002480774001486, 0.38158588395819765, 0.3802755777367907, 0.37428133087449056]"
148,1480,"[0.3898717415738987, 0.3941423753868896, 0.3777959083142193, 0.3938203718250851, 0.4040480221640757, 0.3872552038428378, 0.39657190377922197, 0.3932393932393932, 0.3879567773912508, 0.3824430654574011, 0.37775964528743416, 0.4062326784504527, 0.38642872540264217, 0.39321673799919943, 0.37155483016659996, 0.3878468693215067, 0.38642872540264217, 0.39797410674425404, 0.3864304514460743, 0.4020509030440205]"
149,1490,"[0.38388364659641827, 0.3772903857330764, 0.39619065089119204, 0.3798235015218023, 0.4000734135784531, 0.3853131022668176, 0.40278308739200247, 0.386651376146789, 0.3881242927485702, 0.3960697354335525, 0.3958145298230048, 0.3966814497629607, 0.394537641643601, 0.3980849827158983, 0.3952648966107916, 0.39597510436896916, 0.3872417852938028, 0.39098054807927574, 0.38323875369013566, 0.4040294329116248]"
150,1500,"[0.38657083814501914, 0.38672397035597134, 0.3921416746404216, 0.39070262058488414, 0.3892662320888605, 0.3978853983107492, 0.39183276616431695, 0.39739675885846204, 0.393861581706298, 0.40187469615945554, 0.3966669704979795, 0.3966240238232702, 0.3820378390699795, 0.38472639990277396, 0.3965124403803506, 0.39342195214584125, 0.39400704695947997, 0.3966122293961261, 0.39657844358686073, 0.4091896737726589]"
151,1510,"[0.40518256772673733, 0.3980227907327749, 0.38802704252557874, 0.40860182600166, 0.406071304636461, 0.39999698240743536, 0.3840105047090075, 0.40070921985815605, 0.405407852249751, 0.3938931989011984, 0.4126059801466373, 0.3959455991788555, 0.3953288371882497, 0.3892076337721947, 0.402721827426485, 0.39811656756512026, 0.4092082421314816, 0.4012134200636895, 0.3906691017765233, 0.39875643289416096]"
152,1520,"[0.3920169138264533, 0.4034630087699573, 0.4006204663988969, 0.40055488902219555, 0.39916621678363623, 0.39073910240069576, 0.40965914200917347, 0.3999400344801739, 0.4190371991247265, 0.3955475601529121, 0.3874831359616249, 0.40008996851102113, 0.39216244567660724, 0.409903157137289, 0.40328601196276254, 0.37745414185652365, 0.39924752297153476, 0.41113060165819576, 0.40514888895552825, 0.3932587639067982]"
153,1530,"[0.4032647225283727, 0.40108146757831703, 0.39735838942164514, 0.4024459274265626, 0.40257380321129616, 0.40844441134857395, 0.3921533580588945, 0.402418682235196, 0.3993448968957046, 0.4182844042160424, 0.40257090085795993, 0.39071457287928646, 0.3922406731700052, 0.41119337395164535, 0.3929331884036391, 0.39670602951469036, 0.3855319402451557, 0.3955022712041105, 0.4092235322138859, 0.3842602245986119]"
154,1540,"[0.3979792600482256, 0.40202677712848583, 0.40769356008466173, 0.4042965571320777, 0.40848029352586107, 0.40260182334833056, 0.40439479135839007, 0.3993134164928012, 0.4072161898281014, 0.4017960173979939, 0.4026600387614102, 0.3928169930773327, 0.39482521413672206, 0.39807937024651535, 0.40202432744384264, 0.41102215381883295, 0.3987304311799, 0.4173807515280676, 0.38961807662143566, 0.4077997396141555]"
155,1550,"[0.40448711351573874, 0.4108586378200417, 0.411756921674435, 0.402505550735932, 0.4088823529411765, 0.4017702237774576, 0.41544771621363363, 0.4113911023552589, 0.4058026397013434, 0.4071843091162859, 0.38983025938717025, 0.40635335969541503, 0.3974890476610508, 0.40376953498287244, 0.4114447025612374, 0.40643330736096206, 0.40571016921742453, 0.40128436861673206, 0.3948029806434545, 0.40900405667587747]"
156,1560,"[0.4038211536495231, 0.41730822608212936, 0.3956419506068262, 0.4011364632329311, 0.40701411001723586, 0.40508751935945764, 0.40257634842045303, 0.41713066479606004, 0.40572279917619736, 0.4109114811568799, 0.40424879096474436, 0.3999269593163392, 0.4062687133947741, 0.40264045682239713, 0.41642318705078013, 0.4078266966607263, 0.4044625516566639, 0.40508400292184077, 0.41537135511015016, 0.40125657510227936]"
157,1570,"[0.4152939639783464, 0.4107842852579924, 0.3916798513637089, 0.4108195198420762, 0.4089563071563362, 0.40713332172499855, 0.39930621072035066, 0.3942257446437903, 0.4075326560232221, 0.40845295287304606, 0.4069031583836507, 0.3896034142376031, 0.40961669641950044, 0.3835093726423307, 0.42286593330043826, 0.41143429417399635, 0.41395024817857246, 0.4087781938517809, 0.40688423681077784, 0.3994399628576403]"
158,1580,"[0.40123438987108123, 0.41887565260030574, 0.41641797500108124, 0.40059411366028813, 0.41149408710700897, 0.4081826831588963, 0.4012833453496756, 0.40365781540724927, 0.4201439471520676, 0.4007065099848605, 0.40255807581940617, 0.41959262571766537, 0.4048745312950678, 0.41391444806599553, 0.41019280965634597, 0.4156747319972875, 0.4054864857068682, 0.4057908321437326, 0.39696572013671566, 0.4200871095214745]"
159,1590,"[0.4012095329540406, 0.4057032313534427, 0.40748011750376156, 0.404366023564487, 0.4257974835917572, 0.4095349969916626, 0.41456077015643805, 0.42251200114637816, 0.41757769403808404, 0.4176400613417798, 0.41320454578024907, 0.3923645955787482, 0.4189152396646844, 0.41760635020704084, 0.4150886598529264, 0.4149299085514434, 0.3994267287710498, 0.4081656058260221, 0.40494103148331256, 0.4168828748763671]"
160,1600,"[0.41315737023433274, 0.4262313762356494, 0.41182418959721984, 0.40557557799968663, 0.41481618642015755, 0.40247775008899966, 0.4085995470924188, 0.4194641382648558, 0.422213043540186, 0.4068380938813306, 0.4198142767618071, 0.4142639499950166, 0.40055567428937805, 0.4005923310219134, 0.4161931211279641, 0.42618749288073815, 0.4127651088922757, 0.40731822003106255, 0.4080118483074864, 0.41113484265983197]"
161,1610,"[0.4090851163251724, 0.4160827777541863, 0.4124656797531773, 0.4112068843502753, 0.4153998584571833, 0.4197967675280931, 0.4216761737604212, 0.4123366972866626, 0.4122692786773865, 0.4199034964837062, 0.4143718336965443, 0.4193311074642069, 0.4203776576168502, 0.4210064406539741, 0.4247286722983968, 0.4136657040937659, 0.4242256950342563, 0.4042881403906029, 0.42226215914075876, 0.4172799320690631]"
162,1620,"[0.4356903683277526, 0.4147624203732088, 0.4190840446025563, 0.4191089610170445, 0.42631556725261427, 0.42098153984691583, 0.41727144866385374, 0.40540578548425654, 0.41479190101237345, 0.4178671918964547, 0.42645776490112797, 0.4216248909893943, 0.42210313106591274, 0.419663830086504, 0.406209118147674, 0.4055065490510559, 0.41652485760495045, 0.4111167384147886, 0.43376341967891263, 0.41288789527706304]"
163,1630,"[0.41956907761356804, 0.4132863514968469, 0.4127918355934573, 0.4184408068551938, 0.4085735857498392, 0.41265957298060657, 0.4214036068782329, 0.41640224213366134, 0.4158746575725387, 0.4231720783305145, 0.41640682895454356, 0.41343694531020697, 0.42440299759521277, 0.4181815639333259, 0.42257360959651036, 0.40738049659759384, 0.41400374626072856, 0.40303055718639047, 0.4098362947533237, 0.4219468878043323]"
164,1640,"[0.430006530408081, 0.42967316991829246, 0.4257234548005724, 0.4091698506425842, 0.41576498367942216, 0.4242672707311311, 0.4156300815832997, 0.4126571726293852, 0.41327033974848887, 0.4281151047164046, 0.42834509978320084, 0.4141634479117459, 0.4182379013769435, 0.429940951719347, 0.41999138422200916, 0.43048317838829364, 0.41215042858532114, 0.4134237325812412, 0.4224115170295846, 0.4182843961480205]"
165,1650,"[0.41502735259987844, 0.43138934165814846, 0.42345677307070734, 0.41697284455371697, 0.4204558011049724, 0.4356117094725214, 0.4144893111638955, 0.43871350843759493, 0.42059095743946073, 0.4284708124456229, 0.4229637712186296, 0.4228931304035577, 0.4278630329986049, 0.41211476858499946, 0.42293882060488885, 0.41860529331363644, 0.41336408075340386, 0.41209686326485534, 0.4252424234052546, 0.4168945987014781]"
166,1660,"[0.4300210081148993, 0.4095808218801917, 0.4361163342895181, 0.42698094558234034, 0.43410735619241175, 0.42410518225735616, 0.4173097520116442, 0.4145370700776811, 0.43483631871525635, 0.42458307597282274, 0.4173381838149495, 0.4184032067649562, 0.41857401613699985, 0.4264665494891794, 0.4228868696296703, 0.41254872892988526, 0.42992515278445376, 0.43245988497385146, 0.41796515698576353, 0.42317511735800367]"
167,1670,"[0.4228067064103788, 0.43400783200753185, 0.42271753809218515, 0.4185250351214589, 0.4166621186486929, 0.4197893070603968, 0.43162404824932454, 0.4280295277470766, 0.42318714008897135, 0.42674924627914274, 0.42378918350915024, 0.42985221271543783, 0.41963432937644973, 0.4316680316680317, 0.421467754701018, 0.43449894903502306, 0.42208846852011084, 0.42221221794766856, 0.42422877422877425, 0.4172692297197741]"
168,1680,"[0.4208741879924597, 0.4098961017822749, 0.4188551275094954, 0.4308401708822133, 0.4229433470805296, 0.43428137418453566, 0.42868766866922525, 0.4344718137919809, 0.4236924913194444, 0.41366687004270897, 0.4426476373946901, 0.43084998169019817, 0.4339773574672903, 0.4227122919803068, 0.4367370191525148, 0.41723057729078805, 0.4223150811309492, 0.42680462700532945, 0.4254551374230133, 0.43502556660201547]"
169,1690,"[0.418796850563555, 0.4293534686172723, 0.4293881293314996, 0.4337620665480235, 0.4188994215288359, 0.42401025156808525, 0.43339761830908036, 0.41811414392059554, 0.4348793312660105, 0.4116893622758528, 0.4324892808025241, 0.42995846593667403, 0.42759921838151066, 0.42246133516713186, 0.4283633224527233, 0.4347861265440423, 0.4265409873646453, 0.4207283366366002, 0.4388339827686168, 0.4234846645625961]"
170,1700,"[0.4357108394982309, 0.4345687286374908, 0.43869765196518845, 0.42390896418614626, 0.43499544015878977, 0.4426807523695888, 0.43440139428877866, 0.42985054621003954, 0.4293221793221793, 0.4417925248924566, 0.4375770570892522, 0.42472657087711774, 0.4234037420254115, 0.42983161733161734, 0.4363346335840002, 0.4357225185622001, 0.43396125226251925, 0.4280372078061334, 0.4222552803688217, 0.4321454428445016]"
171,1710,"[0.42325736372117817, 0.4340836441129462, 0.4295558754531883, 0.43095682302771854, 0.44019871607042965, 0.42564389548440396, 0.4331148239933914, 0.42680667901547154, 0.432767006462789, 0.44597891144673873, 0.4203512699554916, 0.42498134527235903, 0.44957747980700025, 0.42679920583101255, 0.4414653322850175, 0.4423264060146367, 0.4368379678360625, 0.42756405129435604, 0.43785145110998586, 0.4367572608579803]"
172,1720,"[0.4283821561535302, 0.42134548634111446, 0.4404807654082133, 0.4385060745372885, 0.43827831063536643, 0.4272223988133079, 0.4225611533670792, 0.43007206061569436, 0.4324911564806105, 0.43308390172836236, 0.44814657799210406, 0.435904910820767, 0.4366594676241835, 0.4260105727572638, 0.43359525103022434, 0.43825688316506345, 0.4272320364435734, 0.4407639431545766, 0.4342521823215397, 0.4330660658670731]"
173,1730,"[0.43410811878580363, 0.43508785795200083, 0.43695907049044275, 0.42430546412113235, 0.432195687395445, 0.4362493907499374, 0.42876145822358025, 0.4334970828010378, 0.4397465786804705, 0.4293355114085472, 0.43646728898134374, 0.43736749930869206, 0.4369772251274418, 0.44958442550613154, 0.4334746990490741, 0.42528084708485336, 0.42748946259220233, 0.42978734617512976, 0.44620165654916316, 0.43747448811640005]"
174,1740,"[0.43443352979698757, 0.4320431571780234, 0.4286612193588938, 0.43844280326838464, 0.4314216097254244, 0.4440268210272663, 0.4327140855949622, 0.43151277013752454, 0.43830143948026773, 0.4395574178342281, 0.4344488833584387, 0.4417852607323811, 0.4389390962671906, 0.43667304215683705, 0.4482374816677142, 0.4264786741025842, 0.4273422562141491, 0.44286238243692855, 0.4356238626991504, 0.44471371120921155]"
175,1750,"[0.4231330259696283, 0.4415888763035582, 0.4375480124474304, 0.43590711969474, 0.4370060800166647, 0.439319155586232, 0.43765052006717264, 0.44844287053431936, 0.4455324357405141, 0.4385402828787997, 0.4346744791666667, 0.4399901046820478, 0.43449102108319987, 0.43879026270888416, 0.4420893656910738, 0.4427433213560381, 0.4363565336284914, 0.44790324050566993, 0.43995938716269867, 0.435785252028074]"
176,1760,"[0.43742717315311114, 0.43685573685573686, 0.44591479994820665, 0.4396893203883495, 0.44071901265265423, 0.4368000621447714, 0.4362689872188338, 0.44062637618837913, 0.4403650721729562, 0.4315921686434972, 0.4403195732117885, 0.43614114600194237, 0.4362377006732263, 0.44815088087194027, 0.43402917081882775, 0.44290191406148827, 0.4391891891891892, 0.4417285932523756, 0.4344960638077481, 0.45113142087821045]"
177,1770,"[0.44728845856723487, 0.4321481901034962, 0.4479944390093198, 0.450174431328124, 0.44579274491384746, 0.4501017018975772, 0.42990257274868404, 0.4347910042352699, 0.44125823723228996, 0.4426246394725999, 0.4389584647265519, 0.44072705739994594, 0.4388551269506103, 0.43382939828522876, 0.4400921658986175, 0.4393562922433215, 0.4579363444404388, 0.4413813527677272, 0.44121091990269395, 0.43086688382752447]"
178,1780,"[0.4430590404014543, 0.4476924258325441, 0.43917802957557134, 0.43584951549519335, 0.4407261368291684, 0.43680632896808635, 0.4452582784849028, 0.4364010953855604, 0.43748079483765234, 0.4482802776141573, 0.44166613346983175, 0.44318850969046825, 0.44019714523459, 0.45078450208133203, 0.4435894809617699, 0.4487463362813736, 0.4560662494080303, 0.44814696281123984, 0.4443207269469508, 0.4413873454024019]"
179,1790,"[0.4417695735200509, 0.43619052468114355, 0.44399460188933876, 0.4513567174056916, 0.46521694846200856, 0.4411094563460241, 0.449512893982808, 0.4389694369836683, 0.4411577527174605, 0.44287296474991406, 0.4452195165417075, 0.4474461099941465, 0.4411873320684078, 0.45065115272491185, 0.44182494017006974, 0.45741782722713037, 0.44910065302901075, 0.45024505123798614, 0.4450314433383405, 0.4406074183447468]"
180,1800,"[0.44991773193266676, 0.45208167191989773, 0.45046002758899983, 0.451395657953035, 0.4564372110695966, 0.44260032915558933, 0.4386353566681436, 0.4490320456818729, 0.44433194537607734, 0.44530102790014686, 0.45690375509583975, 0.4390580489966449, 0.4531471541421916, 0.44591326369104145, 0.4465890393621061, 0.4481850524796475, 0.4470576321818711, 0.44927150976594643, 0.445434749582215, 0.43985919238220655]"
181,1810,"[0.4508917894948834, 0.44946932403338913, 0.44801148166333044, 0.45502838656075734, 0.462951769298577, 0.43917055912976694, 0.43545849329724967, 0.4617543771319244, 0.44607151850919163, 0.4489813905466999, 0.44615675165250235, 0.4550273210283786, 0.43635310997558335, 0.4524375967674937, 0.45445732774357617, 0.45498967306432925, 0.4363897317100807, 0.4562477176280962, 0.443898938781676, 0.4489461889053962]"
182,1820,"[0.44474218026095014, 0.45261722122808556, 0.4548026488739782, 0.44059096031050454, 0.446458320285589, 0.4460039816194423, 0.4463174241380606, 0.450834554174023, 0.44853622498810447, 0.45482881642360895, 0.442308173738891, 0.4494109103657239, 0.4437754271765663, 0.4460313685238268, 0.4394866979655712, 0.4614180524944901, 0.45324452568452417, 0.44387691229124415, 0.4426516792048968, 0.4497401540291779]"
183,1830,"[0.46546464281711886, 0.44955236518036135, 0.45673585774944275, 0.4660409301399193, 0.45225905302888747, 0.4515851866610216, 0.45774718024051986, 0.44555959555710517, 0.45609294448733595, 0.45599242773342635, 0.4337388402584951, 0.44800577782758666, 0.45060144945583147, 0.4528182078513889, 0.4683177069714741, 0.45280199252801995, 0.4533887754593895, 0.44635807773253133, 0.4577366572858815, 0.4407845579078456]"
184,1840,"[0.45905151064883604, 0.4499467386726782, 0.4617946781243422, 0.44995975979694175, 0.4497231272375903, 0.4487109636197033, 0.45473462562705147, 0.4584545668404175, 0.45472777241328083, 0.4491428854538248, 0.4459497950439015, 0.4537227325624582, 0.46171371966319963, 0.4542202527571823, 0.4595853253734301, 0.449312150967694, 0.4531609835822004, 0.44757954686145845, 0.4611155141668318, 0.4612488544324177]"
185,1850,"[0.45389380857955736, 0.45322260691711536, 0.4501194669556864, 0.45386235695544525, 0.44412416851441244, 0.4516276033648221, 0.4545398569018386, 0.46400847729120975, 0.4518652671003351, 0.4457213948733109, 0.4400216759446278, 0.44083266613290634, 0.4554022422077122, 0.45480302545024515, 0.4610050498829905, 0.44953812045818453, 0.46418143964126, 0.44954670871107605, 0.4414058169185853, 0.45734629266910576]"
186,1860,"[0.4536501714845664, 0.4605424343394747, 0.46168547171891655, 0.45153861230889847, 0.4611342479176874, 0.44760119572674706, 0.4591015447941295, 0.44815590587831794, 0.46422533140574845, 0.45883505849206835, 0.46600110246830406, 0.4574780776955861, 0.45408107015545185, 0.46068475531328473, 0.4589836571680592, 0.4505149967544794, 0.4605050455569707, 0.4623085406200221, 0.4589641824685188, 0.4520005880479259]"
187,1870,"[0.4565667641325536, 0.4516750143189656, 0.45059524534831297, 0.4652010188040021, 0.4619376530351204, 0.45807835775410194, 0.462485074445013, 0.4591989667231232, 0.459734691142972, 0.46451156953295397, 0.45651617620179125, 0.45025157462568377, 0.4516309844395433, 0.4575533781807546, 0.4555246868450553, 0.45171392710478536, 0.45586639848845006, 0.46669428435660937, 0.4858149114041288, 0.4542651342490463]"
188,1880,"[0.4476296682384029, 0.45944078827764245, 0.4632727272727273, 0.4600937829421672, 0.46463422025577306, 0.45521103541904046, 0.4578727942602288, 0.44595298995066246, 0.47218551877128967, 0.45471185783208473, 0.46195797076859685, 0.4631725642268541, 0.4542325220595365, 0.46423290427362857, 0.4488024823038883, 0.47263603195190246, 0.45773785713419884, 0.4589069316529326, 0.4557192216766685, 0.4599180665648559]"
189,1890,"[0.46547629094679477, 0.46125465703709956, 0.46368998082281, 0.45595167765815076, 0.4564328860274171, 0.45267003460374494, 0.44738872546655734, 0.4611573834118824, 0.46022925882622373, 0.46745369477136794, 0.46122419465635056, 0.45121980618099417, 0.4563728445677077, 0.4595731854352544, 0.4576040310526062, 0.4601494696239151, 0.46114608204905577, 0.45655031048411404, 0.46439124404510645, 0.45958067588584933]"
190,1900,"[0.4597315033652058, 0.44611399585077166, 0.4677258828466934, 0.4619545661717082, 0.45972337184054896, 0.45766980046047584, 0.45348795375778, 0.4609353458094062, 0.468861305990286, 0.4692736760031188, 0.4708281354956338, 0.45094135987528483, 0.46022413668978424, 0.46305932569181335, 0.4623614642805738, 0.4620042204210829, 0.46135494467289273, 0.45919725623283647, 0.46616532335444255, 0.463905410590944]"
191,1910,"[0.4667326921700117, 0.46570405727923625, 0.4538753309954913, 0.4567743628901403, 0.4577735353776399, 0.4690265486725664, 0.4600114525672838, 0.4578735789862938, 0.4650294156254848, 0.4567432758168063, 0.46981051023817477, 0.45840142180660093, 0.4626571858073445, 0.45529086004821806, 0.46725125268432355, 0.46154396764611144, 0.4647628590514362, 0.4719859721112211, 0.452256509391184, 0.47106107407363235]"
192,1920,"[0.46077803095034653, 0.47494305239179957, 0.4727999715245067, 0.4628082500652695, 0.47174916630074887, 0.4639428496837508, 0.470152619211507, 0.46706380756861954, 0.4597529281925309, 0.4521974563893078, 0.46336370539104027, 0.4683542801533331, 0.4628651465334077, 0.46330291559373926, 0.46498848774003654, 0.4664150316324229, 0.46334805108484073, 0.459769842211413, 0.4622295541129138, 0.4665044510385757]"
193,1930,"[0.45498458740300696, 0.4659612909320643, 0.4656544428439869, 0.4614676408446548, 0.47223960978375124, 0.4671672451654034, 0.48315999480574673, 0.4629402177764131, 0.46937498524237914, 0.4618610034961731, 0.46411031356252364, 0.4687916888023139, 0.47019499923228647, 0.46870719380284354, 0.469221505985691, 0.47334002242814144, 0.4665155111536236, 0.4662014570271451, 0.47135607222943465, 0.4625947528750561]"
194,1940,"[0.4673206837807672, 0.4632796898860566, 0.4667903612194091, 0.46381764374295376, 0.4719514200474524, 0.4611381922828449, 0.45941659519977446, 0.4726130358191427, 0.4755511704664247, 0.4580068373256893, 0.4606674262624364, 0.47453766218516996, 0.47135187208496343, 0.4668522237489577, 0.47034221872393417, 0.4770786596037069, 0.4663166179182671, 0.4724476970245157, 0.47761895253644043, 0.4759795570698467]"
195,1950,"[0.467019548731611, 0.47925114816935643, 0.4617730927449514, 0.458263704673203, 0.47981391869462564, 0.4649918205188128, 0.4735052124725352, 0.4645664692621275, 0.46493011732809797, 0.47197971085632806, 0.4642673461754255, 0.47471512884941275, 0.46709988078820036, 0.4618558387975268, 0.46178291856525294, 0.4709053488317702, 0.4730290456431535, 0.48025377982380296, 0.475594507741747, 0.4696252672906369]"
196,1960,"[0.47982417377956604, 0.4687954062002348, 0.4763698072854918, 0.4675788152143588, 0.48042828743155425, 0.46923327364479894, 0.47135135135135137, 0.47886292291594, 0.471310332000372, 0.4692843277423254, 0.45900362655756, 0.46570359351029705, 0.47633768769466783, 0.47340159695022027, 0.45688212043710763, 0.47074282524768596, 0.4747518192174459, 0.4685817919713545, 0.47180888165542895, 0.4691158518862989]"
197,1970,"[0.4763458023920235, 0.46523333989053334, 0.4673313362402989, 0.47507083791129356, 0.47994864261506254, 0.47237936579553214, 0.4682844452669566, 0.4688775569200171, 0.4694420352703093, 0.4753872673214637, 0.4806282238105151, 0.47290982279183824, 0.47533227683374013, 0.4743598639927833, 0.4684864958649008, 0.470284028460693, 0.4667615180853894, 0.47649500988770804, 0.4643484897543827, 0.47037593984962406]"
198,1980,"[0.4825256907444274, 0.46946266252445057, 0.48421101086356105, 0.48201438848920863, 0.4655142649986765, 0.4862031667126945, 0.4716069271043093, 0.4835524044105799, 0.47914005225057255, 0.4603936464088398, 0.47494706315595653, 0.47957845325479187, 0.47445515844705777, 0.48697763813601264, 0.47807022591522713, 0.4730064103301838, 0.4830647018190191, 0.47460807108819264, 0.4857280916715563, 0.4745907014738199]"
199,1990,"[0.4802574320919793, 0.4745032922988835, 0.4803343447644129, 0.4801044302710378, 0.46715679538271265, 0.48223710573015055, 0.46308701776083, 0.47954615710474796, 0.4770319639932659, 0.48009987286825256, 0.4710605592018602, 0.4751838024781842, 0.46950905280516714, 0.4816193311956024, 0.4651074893197879, 0.47860742098030234, 0.4717747936486131, 0.4685635770309727, 0.4760754042787118, 0.4847617193316001]"
