,number_sensors,collision_probability,ticks,messages_per_colissionprobab
0,1,0.0,0.005,18.0
1,2,0.0,0.005245245245245245,18.0
2,3,0.0,0.005490490490490491,18.0
3,4,0.0,0.005735735735735736,18.0
4,5,0.0,0.005980980980980981,19.0
5,6,0.0,0.006226226226226227,19.0
6,7,0.0,0.006471471471471472,21.0
7,8,0.0,0.0067167167167167165,21.0
8,9,0.0,0.006961961961961962,21.0
9,10,0.0,0.007207207207207207,22.0
10,11,0.03636363636363637,0.007452452452452452,22.0
11,12,0.0,0.007697697697697698,23.0
12,13,0.015384615384615385,0.007942942942942944,23.0
13,14,0.0,0.008188188188188188,23.0
14,15,0.013333333333333334,0.008433433433433434,23.0
15,16,0.0,0.008678678678678678,23.0
16,17,0.0,0.008923923923923924,23.0
17,18,0.011111111111111112,0.00916916916916917,24.0
18,19,0.0,0.009414414414414415,25.0
19,20,0.0,0.00965965965965966,26.0
20,21,0.009523809523809525,0.009904904904904904,27.0
21,22,0.02727272727272727,0.01015015015015015,27.0
22,23,0.02608695652173913,0.010395395395395395,28.0
23,24,0.016666666666666666,0.010640640640640641,28.0
24,25,0.016,0.010885885885885887,28.0
25,26,0.007692307692307693,0.011131131131131131,29.0
26,27,0.014814814814814815,0.011376376376376375,29.0
27,28,0.0071428571428571435,0.011621621621621621,30.0
28,29,0.013793103448275864,0.011866866866866867,30.0
29,30,0.02,0.012112112112112113,30.0
30,31,0.0064516129032258064,0.012357357357357357,30.0
31,32,0.00625,0.012602602602602602,30.0
32,33,0.024242424242424242,0.012847847847847847,31.0
33,34,0.0058823529411764705,0.013093093093093092,32.0
34,35,0.0,0.013338338338338338,34.0
35,36,0.0,0.013583583583583584,34.0
36,37,0.03783783783783783,0.01382882882882883,36.0
37,38,0.015789473684210527,0.014074074074074072,36.0
38,39,0.010256410256410256,0.014319319319319318,37.0
39,40,0.02,0.014564564564564564,37.0
40,41,0.00975609756097561,0.01480980980980981,37.0
41,42,0.014285714285714285,0.015055055055055055,39.0
42,43,0.009302325581395349,0.015300300300300301,40.0
43,44,0.009090909090909092,0.015545545545545544,42.0
44,45,0.03111111111111111,0.01579079079079079,44.0
45,46,0.013043478260869565,0.016036036036036035,46.0
46,47,0.02978723404255319,0.01628128128128128,46.0
47,48,0.016666666666666666,0.016526526526526527,46.0
48,49,0.024489795918367346,0.016771771771771773,49.0
49,50,0.022000000000000002,0.017017017017017015,49.0
50,51,0.027450980392156862,0.01726226226226226,49.0
51,52,0.015384615384615385,0.017507507507507507,49.0
52,53,0.01509433962264151,0.017752752752752753,50.0
53,54,0.014814814814814815,0.017997997997998,50.0
54,55,0.021818181818181816,0.01824324324324324,51.0
55,56,0.024999999999999998,0.018488488488488487,51.0
56,57,0.021052631578947368,0.018733733733733732,51.0
57,58,0.013793103448275864,0.018978978978978978,51.0
58,59,0.030508474576271188,0.019224224224224224,51.0
59,60,0.013333333333333334,0.01946946946946947,52.0
60,61,0.019672131147540982,0.019714714714714712,53.0
61,62,0.02258064516129032,0.019959959959959958,54.0
62,63,0.015873015873015872,0.020205205205205204,56.0
63,64,0.021875,0.02045045045045045,56.0
64,65,0.03230769230769231,0.020695695695695696,56.0
65,66,0.01818181818181818,0.02094094094094094,56.0
66,67,0.023880597014925373,0.021186186186186187,58.0
67,68,0.01764705882352941,0.02143143143143143,58.0
68,69,0.011594202898550725,0.021676676676676675,58.0
69,70,0.02857142857142857,0.02192192192192192,61.0
70,71,0.04507042253521127,0.022167167167167167,62.0
71,72,0.016666666666666666,0.022412412412412413,62.0
72,73,0.021917808219178082,0.02265765765765766,63.0
73,74,0.03783783783783783,0.0229029029029029,63.0
74,75,0.036000000000000004,0.023148148148148147,63.0
75,76,0.021052631578947368,0.023393393393393393,63.0
76,77,0.015584415584415584,0.02363863863863864,64.0
77,78,0.01282051282051282,0.023883883883883884,65.0
78,79,0.027848101265822787,0.02412912912912913,65.0
79,80,0.025,0.024374374374374373,66.0
80,81,0.019753086419753086,0.02461961961961962,67.0
81,82,0.03170731707317073,0.024864864864864864,67.0
82,83,0.01927710843373494,0.02511011011011011,69.0
83,84,0.05,0.025355355355355356,69.0
84,85,0.023529411764705882,0.0256006006006006,69.0
85,86,0.03604651162790698,0.025845845845845844,69.0
86,87,0.031034482758620693,0.02609109109109109,70.0
87,88,0.031818181818181815,0.026336336336336336,70.0
88,89,0.048314606741573035,0.02658158158158158,71.0
89,90,0.03777777777777778,0.026826826826826827,72.0
90,91,0.026373626373626374,0.027072072072072073,72.0
91,92,0.03260869565217391,0.027317317317317315,73.0
92,93,0.03655913978494624,0.02756256256256256,74.0
93,94,0.03404255319148936,0.027807807807807807,74.0
94,95,0.035789473684210524,0.028053053053053053,75.0
95,96,0.03958333333333333,0.0282982982982983,75.0
96,97,0.041237113402061855,0.028543543543543545,75.0
97,98,0.0326530612244898,0.028788788788788787,76.0
98,99,0.05252525252525253,0.029034034034034033,76.0
99,100,0.057,0.02927927927927928,76.0
100,101,0.026732673267326736,0.029524524524524524,76.0
101,102,0.03333333333333333,0.02976976976976977,76.0
102,103,0.04660194174757282,0.030015015015015013,77.0
103,104,0.044230769230769226,0.03026026026026026,77.0
104,105,0.05047619047619047,0.030505505505505504,77.0
105,106,0.04339622641509434,0.03075075075075075,78.0
106,107,0.04392523364485981,0.030995995995995996,78.0
107,108,0.05092592592592592,0.03124124124124124,80.0
108,109,0.04678899082568807,0.031486486486486484,80.0
109,110,0.034545454545454546,0.03173173173173173,81.0
110,111,0.039639639639639644,0.031976976976976976,82.0
111,112,0.04017857142857143,0.03222222222222222,82.0
112,113,0.04601769911504425,0.03246746746746747,83.0
113,114,0.037719298245614034,0.03271271271271271,85.0
114,115,0.039999999999999994,0.03295795795795795,85.0
115,116,0.049999999999999996,0.0332032032032032,86.0
116,117,0.04871794871794872,0.033448448448448444,87.0
117,118,0.04915254237288135,0.03369369369369369,87.0
118,119,0.049579831932773114,0.033938938938938935,87.0
119,120,0.03916666666666667,0.03418418418418418,88.0
120,121,0.05371900826446281,0.03442942942942943,88.0
121,122,0.04672131147540984,0.03467467467467467,89.0
122,123,0.03983739837398374,0.03491991991991992,89.0
123,124,0.03306451612903225,0.035165165165165164,90.0
124,125,0.0496,0.03541041041041041,90.0
125,126,0.047619047619047616,0.035655655655655656,90.0
126,127,0.05039370078740158,0.035900900900900895,91.0
127,128,0.05,0.03614614614614614,93.0
128,129,0.03953488372093023,0.03639139139139139,94.0
129,130,0.05692307692307692,0.03663663663663663,95.0
130,131,0.03511450381679389,0.03688188188188188,95.0
131,132,0.04015151515151515,0.037127127127127124,95.0
132,133,0.06466165413533834,0.03737237237237237,95.0
133,134,0.048507462686567165,0.037617617617617616,95.0
134,135,0.05037037037037037,0.037862862862862855,99.0
135,136,0.04779411764705882,0.0381081081081081,99.0
136,137,0.051824817518248176,0.038353353353353346,99.0
137,138,0.04565217391304348,0.03859859859859859,99.0
138,139,0.05251798561151079,0.03884384384384384,99.0
139,140,0.054285714285714284,0.039089089089089084,99.0
140,141,0.05106382978723405,0.03933433433433433,100.0
141,142,0.039436619718309855,0.039579579579579575,102.0
142,143,0.06503496503496504,0.03982482482482482,104.0
143,144,0.04652777777777778,0.04007007007007007,107.0
144,145,0.046206896551724136,0.04031531531531531,109.0
145,146,0.04589041095890411,0.04056056056056056,109.0
146,147,0.06326530612244899,0.0408058058058058,109.0
147,148,0.04256756756756756,0.04105105105105104,109.0
148,149,0.06442953020134227,0.04129629629629629,110.0
149,150,0.05466666666666666,0.041541541541541535,110.0
150,151,0.050331125827814564,0.04178678678678678,110.0
151,152,0.05460526315789474,0.04203203203203203,110.0
152,153,0.052941176470588235,0.04227727727727727,110.0
153,154,0.05519480519480519,0.04252252252252252,110.0
154,155,0.06709677419354838,0.042767767767767764,111.0
155,156,0.05641025641025642,0.04301301301301301,111.0
156,157,0.056687898089171976,0.043258258258258256,111.0
157,158,0.039873417721518985,0.0435035035035035,112.0
158,159,0.06415094339622641,0.04374874874874874,112.0
159,160,0.04625,0.043993993993993986,113.0
160,161,0.07329192546583851,0.04423923923923923,114.0
161,162,0.051234567901234575,0.04448448448448448,114.0
162,163,0.05276073619631902,0.044729729729729724,114.0
163,164,0.058536585365853655,0.04497497497497497,114.0
164,165,0.07090909090909091,0.045220220220220216,115.0
165,166,0.05240963855421686,0.04546546546546546,115.0
166,167,0.05269461077844312,0.04571071071071071,116.0
167,168,0.055952380952380955,0.04595595595595595,117.0
168,169,0.059763313609467454,0.0462012012012012,118.0
169,170,0.06647058823529413,0.04644644644644644,120.0
170,171,0.06608187134502924,0.046691691691691684,122.0
171,172,0.04941860465116279,0.04693693693693693,124.0
172,173,0.06473988439306358,0.047182182182182175,124.0
173,174,0.06609195402298851,0.04742742742742742,124.0
174,175,0.05714285714285714,0.04767267267267267,125.0
175,176,0.06818181818181818,0.04791791791791791,126.0
176,177,0.07344632768361582,0.04816316316316316,126.0
177,178,0.06179775280898876,0.048408408408408404,127.0
178,179,0.0670391061452514,0.04865365365365365,128.0
179,180,0.07111111111111111,0.048898898898898896,129.0
180,181,0.06353591160220995,0.04914414414414414,129.0
181,182,0.04945054945054945,0.04938938938938938,130.0
182,183,0.05245901639344262,0.049634634634634626,134.0
183,184,0.0766304347826087,0.04987987987987987,134.0
184,185,0.06864864864864864,0.05012512512512512,137.0
185,186,0.06666666666666667,0.050370370370370364,138.0
186,187,0.059893048128342244,0.05061561561561561,141.0
187,188,0.06914893617021277,0.050860860860860856,141.0
188,189,0.06402116402116402,0.0511061061061061,143.0
189,190,0.07210526315789473,0.05135135135135135,144.0
190,191,0.05968586387434555,0.05159659659659659,144.0
191,192,0.05885416666666667,0.05184184184184184,145.0
192,193,0.08186528497409327,0.052087087087087085,145.0
193,194,0.07268041237113401,0.052332332332332324,145.0
194,195,0.05846153846153846,0.05257757757757757,149.0
195,196,0.07653061224489796,0.052822822822822815,151.0
196,197,0.05736040609137056,0.05306806806806806,152.0
197,198,0.07020202020202021,0.05331331331331331,152.0
198,199,0.07939698492462312,0.05355855855855855,152.0
199,200,0.0605,0.0538038038038038,153.0
200,201,0.08159203980099501,0.054049049049049044,153.0
201,202,0.058910891089108915,0.05429429429429429,154.0
202,203,0.06798029556650247,0.054539539539539536,154.0
203,204,0.0642156862745098,0.05478478478478478,156.0
204,205,0.08146341463414634,0.05503003003003002,156.0
205,206,0.06407766990291262,0.05527527527527527,157.0
206,207,0.07004830917874397,0.05552052052052051,157.0
207,208,0.07307692307692307,0.05576576576576576,157.0
208,209,0.08373205741626795,0.056011011011011004,158.0
209,210,0.07571428571428572,0.05625625625625625,158.0
210,211,0.07819905213270142,0.056501501501501496,159.0
211,212,0.0759433962264151,0.05674674674674674,160.0
212,213,0.08544600938967135,0.05699199199199199,161.0
213,214,0.07616822429906542,0.05723723723723723,163.0
214,215,0.07069767441860465,0.05748248248248248,164.0
215,216,0.06157407407407408,0.057727727727727725,164.0
216,217,0.07096774193548387,0.057972972972972964,164.0
217,218,0.08256880733944955,0.05821821821821821,164.0
218,219,0.07671232876712329,0.058463463463463455,165.0
219,220,0.07045454545454545,0.0587087087087087,166.0
220,221,0.07647058823529411,0.05895395395395395,168.0
221,222,0.06756756756756757,0.05919919919919919,168.0
222,223,0.08071748878923767,0.05944444444444444,168.0
223,224,0.08526785714285715,0.059689689689689684,169.0
224,225,0.08622222222222221,0.05993493493493493,171.0
225,226,0.0827433628318584,0.060180180180180176,171.0
226,227,0.07224669603524228,0.06042542542542542,171.0
227,228,0.07456140350877193,0.06067067067067066,172.0
228,229,0.08034934497816593,0.06091591591591591,172.0
229,230,0.08391304347826087,0.06116116116116115,172.0
230,231,0.0696969696969697,0.0614064064064064,172.0
231,232,0.09181034482758621,0.061651651651651644,173.0
232,233,0.08111587982832617,0.06189689689689689,174.0
233,234,0.09358974358974359,0.062142142142142136,174.0
234,235,0.0902127659574468,0.06238738738738738,174.0
235,236,0.07457627118644068,0.06263263263263263,174.0
236,237,0.08059071729957806,0.06287787787787788,174.0
237,238,0.07983193277310924,0.06312312312312313,174.0
238,239,0.07489539748953974,0.06336836836836837,175.0
239,240,0.09708333333333334,0.0636136136136136,176.0
240,241,0.06846473029045644,0.06385885885885885,176.0
241,242,0.07479338842975207,0.0641041041041041,178.0
242,243,0.07407407407407407,0.06434934934934934,180.0
243,244,0.10163934426229508,0.06459459459459459,181.0
244,245,0.09877551020408162,0.06483983983983983,183.0
245,246,0.0975609756097561,0.06508508508508508,184.0
246,247,0.08380566801619432,0.06533033033033032,184.0
247,248,0.08669354838709678,0.06557557557557557,184.0
248,249,0.07429718875502007,0.06582082082082082,184.0
249,250,0.0916,0.06606606606606606,184.0
250,251,0.09123505976095617,0.06631131131131131,186.0
251,252,0.08571428571428572,0.06655655655655655,187.0
252,253,0.08814229249011858,0.0668018018018018,188.0
253,254,0.08622047244094487,0.06704704704704705,189.0
254,255,0.07529411764705882,0.06729229229229229,190.0
255,256,0.093359375,0.06753753753753754,190.0
256,257,0.07821011673151751,0.06778278278278278,191.0
257,258,0.08255813953488372,0.06802802802802803,192.0
258,259,0.08725868725868727,0.06827327327327327,193.0
259,260,0.08538461538461538,0.06851851851851852,194.0
260,261,0.09233716475095786,0.06876376376376377,195.0
261,262,0.08931297709923663,0.06900900900900901,195.0
262,263,0.09467680608365019,0.06925425425425426,196.0
263,264,0.09318181818181819,0.0694994994994995,196.0
264,265,0.09547169811320755,0.06974474474474475,197.0
265,266,0.09398496240601503,0.06998998998999,197.0
266,267,0.0895131086142322,0.07023523523523524,199.0
267,268,0.09365671641791046,0.07048048048048049,200.0
268,269,0.10297397769516728,0.07072572572572572,201.0
269,270,0.07851851851851852,0.07097097097097096,203.0
270,271,0.085239852398524,0.07121621621621621,204.0
271,272,0.09999999999999999,0.07146146146146146,204.0
272,273,0.0989010989010989,0.0717067067067067,204.0
273,274,0.09087591240875911,0.07195195195195195,204.0
274,275,0.07927272727272727,0.0721971971971972,205.0
275,276,0.09782608695652174,0.07244244244244244,206.0
276,277,0.10866425992779784,0.07268768768768769,207.0
277,278,0.08776978417266186,0.07293293293293293,207.0
278,279,0.096415770609319,0.07317817817817818,208.0
279,280,0.10678571428571428,0.07342342342342342,209.0
280,281,0.10533807829181495,0.07366866866866867,210.0
281,282,0.10070921985815602,0.07391391391391391,210.0
282,283,0.0950530035335689,0.07415915915915916,211.0
283,284,0.0982394366197183,0.0744044044044044,212.0
284,285,0.09719298245614034,0.07464964964964965,214.0
285,286,0.10384615384615384,0.0748948948948949,215.0
286,287,0.10627177700348432,0.07514014014014014,216.0
287,288,0.10347222222222223,0.07538538538538539,217.0
288,289,0.09204152249134949,0.07563063063063064,217.0
289,290,0.11655172413793102,0.07587587587587588,218.0
290,291,0.1034364261168385,0.07612112112112113,219.0
291,292,0.09041095890410958,0.07636636636636636,220.0
292,293,0.09897610921501707,0.0766116116116116,222.0
293,294,0.10714285714285714,0.07685685685685685,224.0
294,295,0.1,0.0771021021021021,224.0
295,296,0.08614864864864864,0.07734734734734734,224.0
296,297,0.10134680134680135,0.07759259259259259,224.0
297,298,0.10100671140939597,0.07783783783783783,224.0
298,299,0.09999999999999999,0.07808308308308308,224.0
299,300,0.09666666666666666,0.07832832832832833,226.0
300,301,0.1186046511627907,0.07857357357357357,227.0
301,302,0.1099337748344371,0.07881881881881882,227.0
302,303,0.08712871287128712,0.07906406406406406,227.0
303,304,0.10493421052631578,0.07930930930930931,228.0
304,305,0.09147540983606557,0.07955455455455455,229.0
305,306,0.09836601307189544,0.0797997997997998,229.0
306,307,0.10749185667752444,0.08004504504504505,230.0
307,308,0.10292207792207791,0.08029029029029029,230.0
308,309,0.11844660194174758,0.08053553553553554,231.0
309,310,0.10741935483870967,0.08078078078078078,233.0
310,311,0.11093247588424437,0.08102602602602603,233.0
311,312,0.12115384615384614,0.08127127127127128,234.0
312,313,0.11629392971246005,0.08151651651651652,235.0
313,314,0.10445859872611464,0.08176176176176177,236.0
314,315,0.09936507936507936,0.08200700700700701,237.0
315,316,0.10569620253164556,0.08225225225225224,237.0
316,317,0.11514195583596215,0.08249749749749749,237.0
317,318,0.10754716981132076,0.08274274274274274,239.0
318,319,0.11379310344827585,0.08298798798798798,240.0
319,320,0.10500000000000001,0.08323323323323323,240.0
320,321,0.12305295950155763,0.08347847847847847,240.0
321,322,0.10900621118012423,0.08372372372372372,240.0
322,323,0.10928792569659442,0.08396896896896897,243.0
323,324,0.11141975308641976,0.08421421421421421,243.0
324,325,0.10738461538461538,0.08445945945945946,243.0
325,326,0.10766871165644172,0.0847047047047047,243.0
326,327,0.10397553516819572,0.08494994994994995,243.0
327,328,0.10823170731707317,0.0851951951951952,243.0
328,329,0.12279635258358662,0.08544044044044044,246.0
329,330,0.09727272727272727,0.08568568568568569,247.0
330,331,0.1256797583081571,0.08593093093093093,248.0
331,332,0.11174698795180724,0.08617617617617618,249.0
332,333,0.11261261261261261,0.08642142142142142,251.0
333,334,0.09940119760479042,0.08666666666666667,251.0
334,335,0.11492537313432835,0.08691191191191192,252.0
335,336,0.11220238095238096,0.08715715715715716,253.0
336,337,0.12403560830860533,0.08740240240240241,254.0
337,338,0.10769230769230768,0.08764764764764765,254.0
338,339,0.12389380530973451,0.08789289289289288,255.0
339,340,0.11676470588235295,0.08813813813813813,255.0
340,341,0.11906158357771261,0.08838338338338338,256.0
341,342,0.11842105263157894,0.08862862862862862,256.0
342,343,0.12186588921282798,0.08887387387387387,256.0
343,344,0.12209302325581395,0.08911911911911911,256.0
344,345,0.11884057971014493,0.08936436436436436,257.0
345,346,0.10433526011560694,0.0896096096096096,258.0
346,347,0.11671469740634005,0.08985485485485485,258.0
347,348,0.12701149425287356,0.0901001001001001,258.0
348,349,0.11633237822349571,0.09034534534534534,259.0
349,350,0.10628571428571429,0.09059059059059059,260.0
350,351,0.1113960113960114,0.09083583583583583,260.0
351,352,0.11193181818181817,0.09108108108108108,261.0
352,353,0.11274787535410764,0.09132632632632633,262.0
353,354,0.103954802259887,0.09157157157157157,263.0
354,355,0.10957746478873238,0.09181681681681682,265.0
355,356,0.11151685393258427,0.09206206206206206,266.0
356,357,0.12044817927170869,0.09230730730730731,266.0
357,358,0.11564245810055866,0.09255255255255256,267.0
358,359,0.12005571030640669,0.0927977977977978,267.0
359,360,0.11083333333333333,0.09304304304304305,267.0
360,361,0.1141274238227147,0.09328828828828829,268.0
361,362,0.11243093922651934,0.09353353353353352,269.0
362,363,0.12451790633608817,0.09377877877877877,271.0
363,364,0.12307692307692307,0.09402402402402402,272.0
364,365,0.12465753424657534,0.09426926926926926,272.0
365,366,0.12978142076502733,0.09451451451451451,272.0
366,367,0.11089918256130792,0.09475975975975975,273.0
367,368,0.1328804347826087,0.095005005005005,273.0
368,369,0.11219512195121951,0.09525025025025025,274.0
369,370,0.12324324324324325,0.09549549549549549,275.0
370,371,0.13423180592991912,0.09574074074074074,275.0
371,372,0.1295698924731183,0.09598598598598598,275.0
372,373,0.1289544235924933,0.09623123123123123,275.0
373,374,0.1339572192513369,0.09647647647647647,276.0
374,375,0.12373333333333333,0.09672172172172172,277.0
375,376,0.11941489361702128,0.09696696696696697,277.0
376,377,0.12175066312997347,0.09721221221221221,279.0
377,378,0.13253968253968254,0.09745745745745746,280.0
378,379,0.11319261213720316,0.0977027027027027,281.0
379,380,0.11605263157894737,0.09794794794794795,282.0
380,381,0.13595800524934382,0.0981931931931932,282.0
381,382,0.14921465968586387,0.09843843843843844,284.0
382,383,0.1289817232375979,0.09868368368368369,284.0
383,384,0.11171874999999999,0.09892892892892893,286.0
384,385,0.11766233766233765,0.09917417417417418,287.0
385,386,0.1393782383419689,0.09941941941941941,289.0
386,387,0.11937984496124032,0.09966466466466466,289.0
387,388,0.12036082474226804,0.0999099099099099,289.0
388,389,0.14035989717223651,0.10015515515515515,292.0
389,390,0.12615384615384617,0.1004004004004004,292.0
390,391,0.12966751918158567,0.10064564564564564,292.0
391,392,0.13418367346938775,0.10089089089089089,293.0
392,393,0.12875318066157762,0.10113613613613613,294.0
393,394,0.11091370558375635,0.10138138138138138,295.0
394,395,0.1331645569620253,0.10162662662662662,295.0
395,396,0.14116161616161615,0.10187187187187187,296.0
396,397,0.1385390428211587,0.10211711711711711,296.0
397,398,0.12964824120603016,0.10236236236236236,296.0
398,399,0.13283208020050125,0.1026076076076076,296.0
399,400,0.12625,0.10285285285285285,296.0
400,401,0.1344139650872818,0.1030980980980981,298.0
401,402,0.13383084577114426,0.10334334334334334,298.0
402,403,0.14044665012406948,0.10358858858858859,300.0
403,404,0.12995049504950495,0.10383383383383384,300.0
404,405,0.13703703703703704,0.10407907907907908,303.0
405,406,0.13251231527093596,0.10432432432432433,303.0
406,407,0.13071253071253072,0.10456956956956957,305.0
407,408,0.13970588235294118,0.10481481481481482,305.0
408,409,0.13594132029339853,0.10506006006006005,307.0
409,410,0.13121951219512196,0.1053053053053053,307.0
410,411,0.14257907542579076,0.10555055055055054,308.0
411,412,0.14344660194174758,0.10579579579579579,309.0
412,413,0.14019370460048425,0.10604104104104103,309.0
413,414,0.13429951690821257,0.10628628628628628,311.0
414,415,0.14265060240963856,0.10653153153153153,311.0
415,416,0.13798076923076924,0.10677677677677677,311.0
416,417,0.14292565947242206,0.10702202202202202,312.0
417,418,0.14330143540669857,0.10726726726726726,313.0
418,419,0.1431980906921241,0.10751251251251251,316.0
419,420,0.1376190476190476,0.10775775775775776,319.0
420,421,0.13657957244655583,0.108003003003003,319.0
421,422,0.14407582938388624,0.10824824824824825,320.0
422,423,0.13853427895981088,0.10849349349349349,320.0
423,424,0.14080188679245284,0.10873873873873874,321.0
424,425,0.14611764705882355,0.10898398398398398,321.0
425,426,0.13098591549295774,0.10922922922922923,322.0
426,427,0.14707259953161592,0.10947447447447448,323.0
427,428,0.13294392523364484,0.10971971971971972,324.0
428,429,0.13892773892773894,0.10996496496496497,325.0
429,430,0.13930232558139535,0.11021021021021021,325.0
430,431,0.14849187935034802,0.11045545545545546,325.0
431,432,0.14722222222222223,0.11070070070070069,325.0
432,433,0.15381062355658198,0.11094594594594594,329.0
433,434,0.15506912442396312,0.11119119119119118,329.0
434,435,0.14344827586206896,0.11143643643643643,331.0
435,436,0.1463302752293578,0.11168168168168167,332.0
436,437,0.15011441647597254,0.11192692692692692,334.0
437,438,0.14292237442922376,0.11217217217217217,335.0
438,439,0.1416856492027335,0.11241741741741741,337.0
439,440,0.14545454545454545,0.11266266266266266,339.0
440,441,0.15283446712018142,0.1129079079079079,340.0
441,442,0.1423076923076923,0.11315315315315315,340.0
442,443,0.14198645598194132,0.1133983983983984,341.0
443,444,0.14774774774774774,0.11364364364364364,341.0
444,445,0.14134831460674158,0.11388888888888889,342.0
445,446,0.14417040358744393,0.11413413413413413,343.0
446,447,0.14451901565995526,0.11437937937937938,343.0
447,448,0.14776785714285715,0.11462462462462462,343.0
448,449,0.1398663697104677,0.11486986986986987,343.0
449,450,0.14311111111111113,0.11511511511511512,344.0
450,451,0.14855875831485588,0.11536036036036036,345.0
451,452,0.14646017699115044,0.11560560560560561,345.0
452,453,0.14194260485651214,0.11585085085085085,346.0
453,454,0.14713656387665197,0.1160960960960961,347.0
454,455,0.13252747252747252,0.11634134134134133,349.0
455,456,0.14890350877192984,0.11658658658658658,350.0
456,457,0.14923413566739607,0.11683183183183182,352.0
457,458,0.14519650655021835,0.11707707707707707,352.0
458,459,0.14618736383442266,0.11732232232232231,352.0
459,460,0.14108695652173914,0.11756756756756756,352.0
460,461,0.14967462039045554,0.1178128128128128,353.0
461,462,0.1590909090909091,0.11805805805805805,353.0
462,463,0.141036717062635,0.1183033033033033,353.0
463,464,0.1504310344827586,0.11854854854854854,355.0
464,465,0.16172043010752687,0.11879379379379379,356.0
465,466,0.15622317596566523,0.11903903903903904,357.0
466,467,0.1501070663811563,0.11928428428428428,358.0
467,468,0.15598290598290598,0.11952952952952953,360.0
468,469,0.15991471215351813,0.11977477477477477,360.0
469,470,0.16191489361702127,0.12002002002002002,360.0
470,471,0.15180467091295116,0.12026526526526526,361.0
471,472,0.16588983050847458,0.12051051051051051,363.0
472,473,0.15095137420718818,0.12075575575575576,363.0
473,474,0.14556962025316456,0.121001001001001,363.0
474,475,0.16,0.12124624624624625,364.0
475,476,0.15252100840336133,0.1214914914914915,364.0
476,477,0.15681341719077568,0.12173673673673674,364.0
477,478,0.1606694560669456,0.12198198198198199,366.0
478,479,0.16075156576200417,0.12222722722722722,367.0
479,480,0.1564583333333333,0.12247247247247246,367.0
480,481,0.15322245322245323,0.12271771771771771,367.0
481,482,0.1558091286307054,0.12296296296296295,368.0
482,483,0.16107660455486542,0.1232082082082082,370.0
483,484,0.15826446280991735,0.12345345345345345,371.0
484,485,0.14824742268041238,0.12369869869869869,371.0
485,486,0.15946502057613168,0.12394394394394394,373.0
486,487,0.15523613963039012,0.12418918918918918,374.0
487,488,0.15061475409836064,0.12443443443443443,374.0
488,489,0.1605316973415133,0.12467967967967968,376.0
489,490,0.16163265306122448,0.12492492492492492,376.0
490,491,0.16171079429735236,0.12517017017017015,376.0
491,492,0.1603658536585366,0.1254154154154154,376.0
492,493,0.16551724137931034,0.12566066066066064,376.0
493,494,0.15607287449392712,0.1259059059059059,377.0
494,495,0.16101010101010102,0.12615115115115114,377.0
495,496,0.17076612903225807,0.12639639639639638,379.0
496,497,0.16156941649899395,0.12664164164164163,379.0
497,498,0.164859437751004,0.12688688688688687,379.0
498,499,0.1535070140280561,0.12713213213213212,380.0
499,500,0.16119999999999998,0.12737737737737737,380.0
500,501,0.16447105788423155,0.1276226226226226,380.0
501,502,0.1561752988047809,0.12786786786786786,380.0
502,503,0.16779324055666006,0.1281131131131131,380.0
503,504,0.17222222222222222,0.12835835835835835,380.0
504,505,0.1506930693069307,0.1286036036036036,380.0
505,506,0.16403162055335968,0.12884884884884884,381.0
506,507,0.15719921104536488,0.1290940940940941,383.0
507,508,0.16358267716535432,0.12933933933933933,383.0
508,509,0.1711198428290766,0.12958458458458458,384.0
509,510,0.1596078431372549,0.12982982982982982,387.0
510,511,0.16320939334637966,0.13007507507507507,388.0
511,512,0.1634765625,0.13032032032032032,388.0
512,513,0.16452241715399613,0.13056556556556556,388.0
513,514,0.1735408560311284,0.1308108108108108,389.0
514,515,0.15650485436893202,0.13105605605605605,390.0
515,516,0.16705426356589148,0.1313013013013013,391.0
516,517,0.1667311411992263,0.13154654654654654,391.0
517,518,0.17857142857142858,0.1317917917917918,391.0
518,519,0.1726396917148362,0.13203703703703704,391.0
519,520,0.17192307692307693,0.13228228228228228,391.0
520,521,0.16065259117082534,0.13252752752752753,393.0
521,522,0.16590038314176245,0.13277277277277277,394.0
522,523,0.16634799235181644,0.13301801801801802,397.0
523,524,0.16278625954198472,0.13326326326326327,398.0
524,525,0.15695238095238095,0.1335085085085085,398.0
525,526,0.1650190114068441,0.13375375375375376,398.0
526,527,0.1603415559772296,0.133998998998999,400.0
527,528,0.17007575757575757,0.13424424424424425,402.0
528,529,0.1767485822306238,0.1344894894894895,404.0
529,530,0.1686792452830189,0.13473473473473474,404.0
530,531,0.16365348399246704,0.13497997997997999,404.0
531,532,0.16052631578947368,0.13522522522522523,404.0
532,533,0.1795497185741088,0.13547047047047048,404.0
533,534,0.17359550561797754,0.13571571571571572,404.0
534,535,0.1861682242990654,0.13596096096096097,406.0
535,536,0.16977611940298507,0.13620620620620622,406.0
536,537,0.1824953445065177,0.13645145145145143,406.0
537,538,0.17137546468401488,0.13669669669669668,407.0
538,539,0.16549165120593692,0.13694194194194192,407.0
539,540,0.17148148148148148,0.13718718718718717,408.0
540,541,0.1787430683918669,0.13743243243243242,408.0
541,542,0.17287822878228784,0.13767767767767766,409.0
542,543,0.18158379373848987,0.1379229229229229,409.0
543,544,0.16801470588235295,0.13816816816816815,410.0
544,545,0.1798165137614679,0.1384134134134134,410.0
545,546,0.16666666666666666,0.13865865865865865,412.0
546,547,0.17605118829981717,0.1389039039039039,412.0
547,548,0.18047445255474454,0.13914914914914914,413.0
548,549,0.16903460837887066,0.13939439439439438,415.0
549,550,0.1770909090909091,0.13963963963963963,415.0
550,551,0.17604355716878403,0.13988488488488487,417.0
551,552,0.1746376811594203,0.14013013013013012,417.0
552,553,0.17884267631103076,0.14037537537537537,419.0
553,554,0.18285198555956678,0.1406206206206206,420.0
554,555,0.1699099099099099,0.14086586586586586,421.0
555,556,0.1679856115107914,0.1411111111111111,423.0
556,557,0.16804308797127468,0.14135635635635635,425.0
557,558,0.1763440860215054,0.1416016016016016,425.0
558,559,0.1849731663685152,0.14184684684684684,426.0
559,560,0.17767857142857144,0.1420920920920921,428.0
560,561,0.1980392156862745,0.14233733733733733,429.0
561,562,0.17170818505338079,0.14258258258258258,430.0
562,563,0.18010657193605684,0.14282782782782782,431.0
563,564,0.1875886524822695,0.14307307307307307,433.0
564,565,0.18619469026548674,0.14331831831831832,436.0
565,566,0.18480565371024735,0.14356356356356356,438.0
566,567,0.19188712522045856,0.1438088088088088,438.0
567,568,0.18239436619718308,0.14405405405405405,438.0
568,569,0.1882249560632689,0.1442992992992993,440.0
569,570,0.17964912280701756,0.14454454454454455,441.0
570,571,0.1746059544658494,0.1447897897897898,441.0
571,572,0.18374125874125874,0.14503503503503504,441.0
572,573,0.18219895287958116,0.14528028028028028,442.0
573,574,0.17491289198606272,0.14552552552552553,443.0
574,575,0.17982608695652175,0.14577077077077077,444.0
575,576,0.190625,0.14601601601601602,444.0
576,577,0.19064124783362218,0.14626126126126127,446.0
577,578,0.18460207612456747,0.1465065065065065,448.0
578,579,0.18601036269430052,0.14675175175175176,448.0
579,580,0.17793103448275863,0.146996996996997,448.0
580,581,0.18967297762478486,0.14724224224224225,451.0
581,582,0.1917525773195876,0.1474874874874875,451.0
582,583,0.1979416809605489,0.1477327327327327,451.0
583,584,0.18099315068493152,0.14797797797797796,453.0
584,585,0.1676923076923077,0.1482232232232232,453.0
585,586,0.18498293515358363,0.14846846846846845,454.0
586,587,0.1887563884156729,0.1487137137137137,456.0
587,588,0.17874149659863944,0.14895895895895894,457.0
588,589,0.1966044142614601,0.1492042042042042,457.0
589,590,0.19576271186440677,0.14944944944944943,459.0
590,591,0.1925549915397631,0.14969469469469468,460.0
591,592,0.19628378378378378,0.14993993993993993,460.0
592,593,0.18381112984822934,0.15018518518518517,462.0
593,594,0.19545454545454544,0.15043043043043042,462.0
594,595,0.17344537815126052,0.15067567567567566,464.0
595,596,0.1929530201342282,0.1509209209209209,465.0
596,597,0.18877721943048575,0.15116616616616615,466.0
597,598,0.2003344481605351,0.1514114114114114,466.0
598,599,0.18731218697829716,0.15165665665665665,466.0
599,600,0.18766666666666665,0.1519019019019019,467.0
600,601,0.19168053244592348,0.15214714714714714,467.0
601,602,0.2038205980066445,0.15239239239239238,467.0
602,603,0.19419568822553895,0.15263763763763763,468.0
603,604,0.19735099337748344,0.15288288288288288,469.0
604,605,0.19173553719008266,0.15312812812812812,469.0
605,606,0.18283828382838282,0.15337337337337337,470.0
606,607,0.18500823723228996,0.1536186186186186,471.0
607,608,0.2019736842105263,0.15386386386386386,472.0
608,609,0.19310344827586207,0.1541091091091091,472.0
609,610,0.19278688524590162,0.15435435435435435,472.0
610,611,0.18805237315875614,0.1545995995995996,472.0
611,612,0.19607843137254902,0.15484484484484484,472.0
612,613,0.19771615008156607,0.1550900900900901,473.0
613,614,0.19267100977198698,0.15533533533533533,474.0
614,615,0.20666666666666667,0.15558058058058058,474.0
615,616,0.1793831168831169,0.15582582582582583,475.0
616,617,0.19238249594813614,0.15607107107107107,476.0
617,618,0.19627831715210356,0.15631631631631632,479.0
618,619,0.20177705977382876,0.15656156156156156,481.0
619,620,0.1929032258064516,0.1568068068068068,481.0
620,621,0.18534621578099839,0.15705205205205205,483.0
621,622,0.20080385852090032,0.1572972972972973,484.0
622,623,0.18105939004815408,0.15754254254254255,484.0
623,624,0.20176282051282052,0.1577877877877878,484.0
624,625,0.1912,0.15803303303303304,484.0
625,626,0.18929712460063897,0.15827827827827828,485.0
626,627,0.20414673046251994,0.15852352352352353,485.0
627,628,0.1982484076433121,0.15876876876876878,485.0
628,629,0.19507154213036568,0.15901401401401402,485.0
629,630,0.193015873015873,0.15925925925925924,486.0
630,631,0.19508716323296355,0.15950450450450449,487.0
631,632,0.20822784810126582,0.15974974974974973,488.0
632,633,0.19889415481832545,0.15999499499499498,489.0
633,634,0.20078864353312303,0.16024024024024022,490.0
634,635,0.18377952755905513,0.16048548548548547,492.0
635,636,0.19386792452830187,0.16073073073073071,496.0
636,637,0.19529042386185244,0.16097597597597596,497.0
637,638,0.1932601880877743,0.1612212212212212,500.0
638,639,0.19248826291079812,0.16146646646646645,500.0
639,640,0.20265624999999998,0.1617117117117117,503.0
640,641,0.20499219968798754,0.16195695695695694,505.0
641,642,0.20841121495327106,0.1622022022022022,505.0
642,643,0.20373250388802489,0.16244744744744744,505.0
643,644,0.1953416149068323,0.16269269269269268,505.0
644,645,0.21643410852713177,0.16293793793793793,506.0
645,646,0.19922600619195044,0.16318318318318317,506.0
646,647,0.20293663060278208,0.16342842842842842,507.0
647,648,0.1986111111111111,0.16367367367367366,510.0
648,649,0.2115562403697997,0.1639189189189189,510.0
649,650,0.20615384615384616,0.16416416416416416,511.0
650,651,0.20522273425499232,0.1644094094094094,511.0
651,652,0.21395705521472394,0.16465465465465465,513.0
652,653,0.1998468606431853,0.1648998998998999,514.0
653,654,0.20749235474006114,0.16514514514514514,515.0
654,655,0.20305343511450383,0.16539039039039038,515.0
655,656,0.20320121951219514,0.16563563563563563,517.0
656,657,0.2100456621004566,0.16588088088088088,517.0
657,658,0.20106382978723406,0.16612612612612612,519.0
658,659,0.20743550834597874,0.16637137137137137,520.0
659,660,0.2072727272727273,0.16661661661661661,520.0
660,661,0.20090771558245085,0.16686186186186186,522.0
661,662,0.2132930513595166,0.1671071071071071,523.0
662,663,0.19743589743589746,0.16735235235235235,523.0
663,664,0.20978915662650605,0.1675975975975976,523.0
664,665,0.2186466165413534,0.16784284284284284,525.0
665,666,0.2003003003003003,0.1680880880880881,528.0
666,667,0.19895052473763117,0.16833333333333333,528.0
667,668,0.21676646706586827,0.16857857857857858,528.0
668,669,0.20179372197309417,0.16882382382382383,529.0
669,670,0.20343283582089555,0.16906906906906907,530.0
670,671,0.20566318926974664,0.16931431431431432,530.0
671,672,0.21428571428571427,0.16955955955955956,530.0
672,673,0.21530460624071324,0.1698048048048048,531.0
673,674,0.2166172106824926,0.17005005005005006,532.0
674,675,0.2074074074074074,0.1702952952952953,533.0
675,676,0.2118343195266272,0.17054054054054052,533.0
676,677,0.2118168389955687,0.17078578578578577,534.0
677,678,0.21017699115044247,0.171031031031031,534.0
678,679,0.20382916053019146,0.17127627627627626,535.0
679,680,0.20779411764705885,0.1715215215215215,537.0
680,681,0.202496328928047,0.17176676676676675,538.0
681,682,0.22008797653958945,0.172012012012012,539.0
682,683,0.20673499267935577,0.17225725725725724,540.0
683,684,0.210233918128655,0.17250250250250249,540.0
684,685,0.22043795620437956,0.17274774774774773,541.0
685,686,0.21574344023323616,0.17299299299299298,542.0
686,687,0.2034934497816594,0.17323823823823822,542.0
687,688,0.2074127906976744,0.17348348348348347,543.0
688,689,0.21872278664731493,0.17372872872872872,545.0
689,690,0.2198550724637681,0.17397397397397396,545.0
690,691,0.2166425470332851,0.1742192192192192,545.0
691,692,0.21213872832369943,0.17446446446446445,545.0
692,693,0.21803751803751803,0.1747097097097097,547.0
693,694,0.21757925072046108,0.17495495495495494,548.0
694,695,0.20388489208633093,0.1752002002002002,548.0
695,696,0.2125,0.17544544544544544,548.0
696,697,0.21348637015781924,0.17569069069069068,548.0
697,698,0.21174785100286533,0.17593593593593593,548.0
698,699,0.21759656652360515,0.17618118118118117,550.0
699,700,0.20885714285714285,0.17642642642642642,551.0
700,701,0.21398002853067047,0.17667167167167167,551.0
701,702,0.21652421652421652,0.1769169169169169,552.0
702,703,0.21650071123755332,0.17716216216216216,553.0
703,704,0.22017045454545456,0.1774074074074074,553.0
704,705,0.22411347517730495,0.17765265265265265,553.0
705,706,0.21189801699716712,0.1778978978978979,554.0
706,707,0.21145685997171146,0.17814314314314314,555.0
707,708,0.21313559322033898,0.17838838838838839,555.0
708,709,0.2311706629055007,0.17863363363363363,556.0
709,710,0.22084507042253523,0.17887887887887888,559.0
710,711,0.20154711673699016,0.17912412412412412,559.0
711,712,0.2235955056179775,0.17936936936936937,559.0
712,713,0.220617110799439,0.17961461461461461,561.0
713,714,0.22422969187675068,0.17985985985985986,564.0
714,715,0.23132867132867133,0.1801051051051051,564.0
715,716,0.22541899441340782,0.18035035035035035,565.0
716,717,0.22580195258019525,0.1805955955955956,566.0
717,718,0.22520891364902507,0.18084084084084084,566.0
718,719,0.20764951321279557,0.1810860860860861,568.0
719,720,0.22305555555555553,0.18133133133133134,568.0
720,721,0.23495145631067962,0.18157657657657658,568.0
721,722,0.22146814404432133,0.18182182182182183,569.0
722,723,0.218118948824343,0.18206706706706705,569.0
723,724,0.22458563535911602,0.1823123123123123,570.0
724,725,0.2235862068965517,0.18255755755755754,572.0
725,726,0.2285123966942149,0.18280280280280278,572.0
726,727,0.22599724896836315,0.18304804804804803,574.0
727,728,0.2208791208791209,0.18329329329329327,574.0
728,729,0.22085048010973937,0.18353853853853852,574.0
729,730,0.22397260273972602,0.18378378378378377,576.0
730,731,0.2290013679890561,0.184029029029029,577.0
731,732,0.22418032786885245,0.18427427427427426,577.0
732,733,0.23369713506139156,0.1845195195195195,577.0
733,734,0.23228882833787465,0.18476476476476475,578.0
734,735,0.21768707482993196,0.18501001001001,582.0
735,736,0.22119565217391307,0.18525525525525524,582.0
736,737,0.22428765264586162,0.1855005005005005,583.0
737,738,0.23170731707317074,0.18574574574574573,583.0
738,739,0.23355886332882272,0.18599099099099098,583.0
739,740,0.2258108108108108,0.18623623623623622,586.0
740,741,0.22914979757085022,0.18648148148148147,586.0
741,742,0.23126684636118597,0.18672672672672672,586.0
742,743,0.22288021534320324,0.18697197197197196,586.0
743,744,0.2157258064516129,0.1872172172172172,586.0
744,745,0.2212080536912752,0.18746246246246245,587.0
745,746,0.22198391420911529,0.1877077077077077,589.0
746,747,0.23453815261044175,0.18795295295295295,589.0
747,748,0.22393048128342247,0.1881981981981982,590.0
748,749,0.22857142857142856,0.18844344344344344,591.0
749,750,0.2232,0.18868868868868868,591.0
750,751,0.23169107856191745,0.18893393393393393,593.0
751,752,0.23045212765957448,0.18917917917917917,593.0
752,753,0.2254980079681275,0.18942442442442442,594.0
753,754,0.23647214854111406,0.18966966966966967,594.0
754,755,0.23456953642384104,0.1899149149149149,595.0
755,756,0.223015873015873,0.19016016016016016,595.0
756,757,0.22166446499339498,0.1904054054054054,595.0
757,758,0.22638522427440633,0.19065065065065065,597.0
758,759,0.2251646903820817,0.1908958958958959,597.0
759,760,0.22394736842105262,0.19114114114114114,597.0
760,761,0.2340341655716163,0.1913863863863864,598.0
761,762,0.23044619422572177,0.19163163163163163,598.0
762,763,0.2323722149410223,0.19187687687687688,601.0
763,764,0.23272251308900524,0.19212212212212212,602.0
764,765,0.23620915032679737,0.19236736736736737,602.0
765,766,0.23590078328981723,0.19261261261261262,605.0
766,767,0.21720990873533247,0.19285785785785786,607.0
767,768,0.24296874999999998,0.1931031031031031,610.0
768,769,0.23888166449934978,0.19334834834834835,612.0
769,770,0.2225974025974026,0.19359359359359357,612.0
770,771,0.23553826199740596,0.19383883883883882,612.0
771,772,0.2244818652849741,0.19408408408408406,613.0
772,773,0.2274256144890039,0.1943293293293293,614.0
773,774,0.23036175710594317,0.19457457457457455,614.0
774,775,0.24258064516129033,0.1948198198198198,614.0
775,776,0.22860824742268043,0.19506506506506505,614.0
776,777,0.23873873873873874,0.1953103103103103,617.0
777,778,0.24498714652956297,0.19555555555555554,619.0
778,779,0.2159178433889602,0.19580080080080078,620.0
779,780,0.23974358974358975,0.19604604604604603,620.0
780,781,0.23482714468629962,0.19629129129129128,623.0
781,782,0.2319693094629156,0.19653653653653652,623.0
782,783,0.23614303959131547,0.19678178178178177,624.0
783,784,0.23775510204081635,0.197027027027027,624.0
784,785,0.23503184713375797,0.19727227227227226,624.0
785,786,0.2414758269720102,0.1975175175175175,626.0
786,787,0.23481575603557817,0.19776276276276275,627.0
787,788,0.23743654822335025,0.198008008008008,628.0
788,789,0.24486692015209124,0.19825325325325324,630.0
789,790,0.24455696202531643,0.1984984984984985,630.0
790,791,0.24487989886219974,0.19874374374374373,631.0
791,792,0.2433080808080808,0.19898898898898898,633.0
792,793,0.24098360655737705,0.19923423423423423,634.0
793,794,0.23916876574307305,0.19947947947947947,634.0
794,795,0.23496855345911952,0.19972472472472472,634.0
795,796,0.23203517587939698,0.19996996996996996,635.0
796,797,0.23074027603513175,0.2002152152152152,635.0
797,798,0.23684210526315788,0.20046046046046045,637.0
798,799,0.244180225281602,0.2007057057057057,637.0
799,800,0.243625,0.20095095095095095,640.0
800,801,0.23220973782771537,0.2011961961961962,641.0
801,802,0.24251870324189526,0.20144144144144144,641.0
802,803,0.2336239103362391,0.20168668668668668,642.0
803,804,0.24141791044776117,0.20193193193193193,645.0
804,805,0.24683229813664595,0.20217717717717718,646.0
805,806,0.2517369727047146,0.20242242242242242,646.0
806,807,0.24498141263940518,0.20266766766766767,648.0
807,808,0.2501237623762376,0.2029129129129129,648.0
808,809,0.23955500618046974,0.20315815815815816,650.0
809,810,0.25617283950617287,0.2034034034034034,651.0
810,811,0.2401972872996301,0.20364864864864865,653.0
811,812,0.23719211822660097,0.2038938938938939,657.0
812,813,0.24391143911439117,0.20413913913913914,657.0
813,814,0.2291154791154791,0.2043843843843844,658.0
814,815,0.24588957055214725,0.20462962962962963,658.0
815,816,0.2552696078431373,0.20487487487487485,658.0
816,817,0.23255813953488372,0.2051201201201201,659.0
817,818,0.24266503667481662,0.20536536536536534,660.0
818,819,0.24566544566544565,0.2056106106106106,660.0
819,820,0.2475609756097561,0.20585585585585583,661.0
820,821,0.24445797807551764,0.20610110110110108,661.0
821,822,0.24793187347931875,0.20634634634634633,662.0
822,823,0.24629404617253947,0.20659159159159157,662.0
823,824,0.24174757281553397,0.20683683683683682,664.0
824,825,0.2606060606060606,0.20708208208208206,664.0
825,826,0.2437046004842615,0.2073273273273273,665.0
826,827,0.2347037484885127,0.20757257257257256,669.0
827,828,0.24939613526570048,0.2078178178178178,671.0
828,829,0.24306393244873342,0.20806306306306305,671.0
829,830,0.24771084337349397,0.2083083083083083,672.0
830,831,0.24584837545126356,0.20855355355355354,673.0
831,832,0.24603365384615383,0.20879879879879878,673.0
832,833,0.2451380552220888,0.20904404404404403,674.0
833,834,0.25443645083932853,0.20928928928928928,674.0
834,835,0.24526946107784434,0.20953453453453452,674.0
835,836,0.24820574162679426,0.20977977977977977,674.0
836,837,0.24910394265232974,0.21002502502502501,675.0
837,838,0.24069212410501192,0.21027027027027026,678.0
838,839,0.2597139451728248,0.2105155155155155,678.0
839,840,0.25702380952380954,0.21076076076076075,678.0
840,841,0.2557669441141498,0.211006006006006,678.0
841,842,0.24346793349168647,0.21125125125125124,678.0
842,843,0.24151838671411624,0.2114964964964965,679.0
843,844,0.24964454976303316,0.21174174174174173,680.0
844,845,0.23727810650887574,0.21198698698698698,684.0
845,846,0.24846335697399527,0.21223223223223223,685.0
846,847,0.24828807556080285,0.21247747747747747,685.0
847,848,0.24976415094339624,0.21272272272272272,686.0
848,849,0.2506478209658422,0.21296796796796796,686.0
849,850,0.2495294117647059,0.2132132132132132,687.0
850,851,0.24394829612220917,0.21345845845845846,688.0
851,852,0.2471830985915493,0.2137037037037037,689.0
852,853,0.2552168815943728,0.21394894894894895,689.0
853,854,0.25234192037470726,0.2141941941941942,691.0
854,855,0.24502923976608187,0.21443943943943944,692.0
855,856,0.25759345794392524,0.21468468468468468,692.0
856,857,0.25414235705950994,0.21492992992992993,692.0
857,858,0.25757575757575757,0.21517517517517518,692.0
858,859,0.25750873108265426,0.21542042042042042,693.0
859,860,0.25290697674418605,0.21566566566566567,693.0
860,861,0.24901277584204415,0.2159109109109109,695.0
861,862,0.2680974477958237,0.21615615615615616,696.0
862,863,0.26720741599073,0.21640140140140138,696.0
863,864,0.25810185185185186,0.21664664664664662,701.0
864,865,0.2569942196531792,0.21689189189189187,702.0
865,866,0.2586605080831409,0.21713713713713712,702.0
866,867,0.2500576701268743,0.21738238238238236,703.0
867,868,0.25495391705069126,0.2176276276276276,705.0
868,869,0.2436133486766398,0.21787287287287285,706.0
869,870,0.2582758620689655,0.2181181181181181,707.0
870,871,0.25223880597014925,0.21836336336336334,708.0
871,872,0.25389908256880733,0.2186086086086086,708.0
872,873,0.25395189003436425,0.21885385385385384,710.0
873,874,0.255720823798627,0.21909909909909908,710.0
874,875,0.25862857142857143,0.21934434434434433,710.0
875,876,0.25490867579908677,0.21958958958958957,710.0
876,877,0.250285062713797,0.21983483483483482,710.0
877,878,0.26321184510250567,0.22008008008008006,711.0
878,879,0.2620022753128555,0.2203253253253253,713.0
879,880,0.2609090909090909,0.22057057057057056,714.0
880,881,0.2583427922814983,0.2208158158158158,715.0
881,882,0.2575963718820862,0.22106106106106105,718.0
882,883,0.2571913929784824,0.2213063063063063,720.0
883,884,0.25893665158371043,0.22155155155155154,721.0
884,885,0.2593220338983051,0.22179679679679679,722.0
885,886,0.2724604966139955,0.22204204204204203,723.0
886,887,0.27249154453213076,0.22228728728728728,723.0
887,888,0.2636261261261261,0.22253253253253252,723.0
888,889,0.26186726659167603,0.22277777777777777,724.0
889,890,0.26831460674157304,0.22302302302302301,726.0
890,891,0.26318742985409654,0.22326826826826826,728.0
891,892,0.26132286995515697,0.2235135135135135,728.0
892,893,0.264501679731243,0.22375875875875875,730.0
893,894,0.2540268456375839,0.224004004004004,733.0
894,895,0.26212290502793295,0.22424924924924924,736.0
895,896,0.2553571428571429,0.2244944944944945,738.0
896,897,0.2651059085841695,0.22473973973973974,739.0
897,898,0.2626948775055679,0.22498498498498498,739.0
898,899,0.27842046718576197,0.22523023023023023,741.0
899,900,0.25577777777777777,0.22547547547547547,742.0
900,901,0.26204217536071034,0.22572072072072072,743.0
901,902,0.26529933481152995,0.22596596596596596,745.0
902,903,0.2779623477297896,0.2262112112112112,746.0
903,904,0.27278761061946905,0.22645645645645646,747.0
904,905,0.2718232044198895,0.2267017017017017,747.0
905,906,0.26655629139072845,0.22694694694694695,747.0
906,907,0.2576626240352811,0.2271921921921922,747.0
907,908,0.2653083700440529,0.22743743743743744,748.0
908,909,0.27150715071507153,0.22768268268268266,748.0
909,910,0.2675824175824176,0.2279279279279279,748.0
910,911,0.2616904500548847,0.22817317317317315,748.0
911,912,0.26864035087719296,0.2284184184184184,748.0
912,913,0.26396495071193865,0.22866366366366364,751.0
913,914,0.26914660831509846,0.2289089089089089,751.0
914,915,0.2650273224043716,0.22915415415415413,754.0
915,916,0.2611353711790393,0.22939939939939938,754.0
916,917,0.2738276990185387,0.22964464464464462,754.0
917,918,0.2664488017429194,0.22988988988988987,754.0
918,919,0.26648531011969534,0.23013513513513512,754.0
919,920,0.27141304347826084,0.23038038038038036,755.0
920,921,0.25993485342019546,0.2306256256256256,757.0
921,922,0.2651843817787419,0.23087087087087085,758.0
922,923,0.27497291440953414,0.2311161161161161,758.0
923,924,0.2786796536796537,0.23136136136136135,761.0
924,925,0.27405405405405403,0.2316066066066066,761.0
925,926,0.2730021598272138,0.23185185185185184,763.0
926,927,0.26461704422869475,0.23209709709709708,765.0
927,928,0.2660560344827586,0.23234234234234233,767.0
928,929,0.2613562970936491,0.23258758758758757,769.0
929,930,0.2670967741935484,0.23283283283283282,770.0
930,931,0.27851772287862514,0.23307807807807807,770.0
931,932,0.2695278969957081,0.2333233233233233,770.0
932,933,0.27063236870310825,0.23356856856856856,771.0
933,934,0.2662740899357602,0.2338138138138138,773.0
934,935,0.2644919786096257,0.23405905905905905,774.0
935,936,0.2753205128205128,0.2343043043043043,774.0
936,937,0.2703308431163287,0.23454954954954954,775.0
937,938,0.26791044776119405,0.2347947947947948,777.0
938,939,0.2678381256656017,0.23504004004004003,782.0
939,940,0.2713829787234042,0.23528528528528528,782.0
940,941,0.273538788522848,0.23553053053053052,782.0
941,942,0.2748407643312102,0.23577577577577577,783.0
942,943,0.27264050901378584,0.23602102102102102,784.0
943,944,0.2816737288135593,0.23626626626626626,786.0
944,945,0.2938624338624338,0.2365115115115115,787.0
945,946,0.28467230443974634,0.23675675675675675,787.0
946,947,0.27338965153115097,0.237002002002002,788.0
947,948,0.28354430379746837,0.23724724724724724,789.0
948,949,0.2715489989462592,0.2374924924924925,791.0
949,950,0.27010526315789474,0.23773773773773774,791.0
950,951,0.2786540483701367,0.23798298298298298,792.0
951,952,0.2745798319327731,0.23822822822822823,792.0
952,953,0.2669464847848898,0.23847347347347347,792.0
953,954,0.27746331236897276,0.23871871871871872,792.0
954,955,0.2745549738219895,0.23896396396396397,794.0
955,956,0.27322175732217574,0.23920920920920918,795.0
956,957,0.27095088819226754,0.23945445445445443,795.0
957,958,0.2709812108559499,0.23969969969969968,796.0
958,959,0.28029197080291973,0.23994494494494492,797.0
959,960,0.2764583333333333,0.24019019019019017,797.0
960,961,0.2691987513007284,0.2404354354354354,798.0
961,962,0.2761954261954262,0.24068068068068066,798.0
962,963,0.2792315680166147,0.2409259259259259,799.0
963,964,0.2784232365145228,0.24117117117117115,800.0
964,965,0.27170984455958547,0.2414164164164164,800.0
965,966,0.28354037267080745,0.24166166166166164,803.0
966,967,0.2809720785935884,0.2419069069069069,804.0
967,968,0.2697314049586777,0.24215215215215213,804.0
968,969,0.28833849329205363,0.24239739739739738,804.0
969,970,0.281340206185567,0.24264264264264263,806.0
970,971,0.27415036045314106,0.24288788788788787,807.0
971,972,0.2803497942386831,0.24313313313313312,809.0
972,973,0.27132579650565264,0.24337837837837836,810.0
973,974,0.28223819301848047,0.2436236236236236,812.0
974,975,0.2792820512820513,0.24386886886886885,814.0
975,976,0.2858606557377049,0.2441141141141141,816.0
976,977,0.2740020470829068,0.24435935935935935,817.0
977,978,0.2773006134969325,0.2446046046046046,819.0
978,979,0.27579162410623087,0.24484984984984984,819.0
979,980,0.28448979591836737,0.24509509509509508,824.0
980,981,0.27553516819571866,0.24534034034034033,826.0
981,982,0.2762729124236253,0.24558558558558558,826.0
982,983,0.27934893184130216,0.24583083083083082,827.0
983,984,0.2853658536585366,0.24607607607607607,830.0
984,985,0.27329949238578677,0.2463213213213213,831.0
985,986,0.2753549695740365,0.24656656656656656,831.0
986,987,0.2949341438703141,0.2468118118118118,831.0
987,988,0.2758097165991903,0.24705705705705705,832.0
988,989,0.2706774519716886,0.2473023023023023,833.0
989,990,0.27535353535353535,0.24754754754754754,833.0
990,991,0.282744702320888,0.2477927927927928,835.0
991,992,0.2873991935483871,0.24803803803803803,836.0
992,993,0.2809667673716012,0.24828328328328328,837.0
993,994,0.28319919517102615,0.24852852852852853,839.0
994,995,0.28522613065326635,0.24877377377377377,839.0
995,996,0.28504016064257026,0.24901901901901902,840.0
996,997,0.2947843530591775,0.24926426426426426,841.0
997,998,0.2979959919839679,0.2495095095095095,842.0
998,999,0.2905905905905906,0.24975475475475475,844.0
999,1000,0.2865,0.25,845.0
