,index,all_backshifts,number_sensors_shifted
0,0,0.0,0.0
1,1,0.0,0.0
2,2,0.0,0.0
3,3,0.0,0.0
4,4,0.0,0.0
5,5,0.0,0.0
6,6,0.0,0.0
7,7,0.0,0.0
8,8,0.0,0.0
9,9,0.0,0.0
10,10,0.0,0.0
11,11,0.0,0.0
12,12,0.0,0.0
13,13,0.0,0.0
14,14,0.0,0.0
15,15,0.0,0.0
16,16,0.0,0.0
17,17,0.0,0.0
18,18,0.0,0.0
19,19,0.0,0.0
20,20,0.2,0.2
21,21,0.0,0.0
22,22,0.4,0.2
23,23,0.2,0.2
24,24,0.4,0.0
25,25,0.0,0.0
26,26,0.2,0.2
27,27,0.6,0.2
28,28,0.2,0.2
29,29,0.4,0.4
30,30,1.0,0.2
31,31,0.2,0.2
32,32,0.0,0.0
33,33,0.2,0.2
34,34,0.0,0.0
35,35,0.0,0.0
36,36,0.0,0.0
37,37,0.4,0.2
38,38,0.4,0.4
39,39,0.2,0.2
40,40,0.8,0.6
41,41,0.2,0.2
42,42,0.4,0.4
43,43,0.0,0.0
44,44,0.4,0.2
45,45,1.2,0.6
46,46,0.8,0.6
47,47,0.4,0.4
48,48,0.8,0.6
49,49,0.0,0.0
50,50,1.2,0.6
51,51,0.2,0.2
52,52,1.0,0.6
53,53,1.6,0.8
54,54,1.6,1.0
55,55,0.4,0.4
56,56,0.6,0.4
57,57,0.6,0.6
58,58,0.6,0.6
59,59,0.0,0.0
60,60,0.8,0.8
61,61,1.2,1.0
62,62,0.0,0.0
63,63,1.0,0.8
64,64,0.8,0.8
65,65,0.8,0.6
66,66,0.2,0.2
67,67,0.8,0.6
68,68,1.0,0.8
69,69,2.0,1.2
70,70,0.8,0.8
71,71,0.4,0.4
72,72,1.0,0.6
73,73,1.4,1.2
74,74,1.6,0.8
75,75,1.4,1.0
76,76,0.2,0.2
77,77,1.8,1.0
78,78,1.8,1.4
79,79,1.6,0.8
80,80,1.4,1.0
81,81,1.8,1.2
82,82,2.2,1.8
83,83,1.2,1.0
84,84,2.4,1.8
85,85,1.6,0.8
86,86,2.6,1.6
87,87,3.0,1.8
88,88,1.8,1.2
89,89,1.6,1.4
90,90,3.0,2.4
91,91,2.6,2.2
92,92,2.2,1.2
93,93,1.4,1.4
94,94,1.8,1.4
95,95,2.8,2.0
96,96,2.0,1.4
97,97,2.2,1.6
98,98,2.4,1.8
99,99,4.4,2.8
100,100,2.4,2.0
101,101,3.0,2.0
102,102,2.4,1.8
103,103,3.2,2.2
104,104,1.8,1.6
105,105,4.0,2.6
106,106,3.8,2.4
107,107,2.6,2.2
108,108,2.6,2.0
109,109,2.8,2.0
110,110,3.6,2.0
111,111,2.2,1.6
112,112,5.2,3.8
113,113,4.4,2.8
114,114,1.8,1.4
115,115,3.0,2.2
116,116,4.4,3.2
117,117,4.8,3.6
118,118,3.4,2.4
119,119,5.0,3.2
120,120,2.8,2.4
121,121,4.0,3.2
122,122,4.8,3.4
123,123,4.4,3.8
124,124,3.2,2.6
125,125,4.8,4.0
126,126,3.8,2.6
127,127,5.2,4.0
128,128,3.2,2.4
129,129,2.8,2.4
130,130,3.0,2.4
131,131,5.4,3.2
132,132,6.2,4.0
133,133,1.8,1.6
134,134,3.6,2.6
135,135,5.0,3.2
136,136,4.0,2.6
137,137,4.4,3.4
138,138,2.4,2.0
139,139,3.2,2.2
140,140,7.2,5.0
141,141,6.0,4.2
142,142,4.8,4.0
143,143,3.8,2.8
144,144,6.2,4.2
145,145,4.8,3.8
146,146,4.6,3.2
147,147,3.2,2.4
148,148,8.0,3.8
149,149,5.8,4.6
150,150,3.8,2.6
151,151,5.0,3.0
152,152,6.4,4.6
153,153,8.0,4.8
154,154,7.6,5.4
155,155,5.0,4.2
156,156,4.8,2.8
157,157,7.2,5.4
158,158,5.4,3.2
159,159,7.6,5.0
160,160,9.4,6.4
161,161,5.2,4.2
162,162,7.8,4.8
163,163,6.0,4.4
164,164,5.6,3.6
165,165,6.6,5.0
166,166,8.4,6.4
167,167,9.0,6.2
168,168,10.2,7.0
169,169,9.2,4.6
170,170,9.8,6.4
171,171,5.0,3.8
172,172,4.6,3.6
173,173,9.6,6.8
174,174,5.0,4.0
175,175,8.0,6.2
176,176,10.8,8.0
177,177,7.8,6.0
178,178,6.8,5.4
179,179,7.0,4.8
180,180,9.2,7.0
181,181,6.0,5.0
182,182,7.0,5.2
183,183,11.0,7.2
184,184,8.0,6.4
185,185,11.8,8.4
186,186,11.2,8.4
187,187,6.4,5.0
188,188,11.0,8.0
189,189,14.2,9.6
190,190,9.4,7.0
191,191,9.8,6.8
192,192,9.4,6.8
193,193,8.4,6.2
194,194,10.0,7.6
195,195,12.6,8.6
196,196,10.4,8.0
197,197,11.2,7.8
198,198,13.6,9.0
199,199,9.4,6.6
200,200,7.4,5.6
201,201,12.2,9.4
202,202,12.6,8.8
203,203,9.8,7.2
204,204,7.8,5.6
205,205,10.6,7.4
206,206,10.0,7.4
207,207,14.2,9.6
208,208,12.2,8.8
209,209,12.2,10.0
210,210,8.6,6.6
211,211,11.2,7.6
212,212,8.2,6.6
213,213,12.4,8.4
214,214,12.8,8.2
215,215,11.8,8.8
216,216,12.0,8.8
217,217,11.8,8.2
218,218,12.8,8.4
219,219,12.8,9.6
220,220,12.4,8.6
221,221,15.2,9.6
222,222,15.6,11.6
223,223,13.8,10.0
224,224,15.4,9.6
225,225,8.8,7.6
226,226,13.6,9.0
227,227,12.8,8.2
228,228,14.4,10.0
229,229,14.2,10.4
230,230,16.0,10.6
231,231,14.6,11.2
232,232,16.0,9.4
233,233,15.2,10.4
234,234,17.4,11.8
235,235,10.4,8.0
236,236,12.2,10.2
237,237,18.6,12.0
238,238,10.0,8.6
239,239,17.4,11.2
240,240,14.2,9.6
241,241,12.2,7.8
242,242,18.0,12.8
243,243,17.2,12.8
244,244,18.6,12.4
245,245,13.4,9.8
246,246,18.0,12.0
247,247,18.4,13.6
248,248,16.0,12.0
249,249,16.6,13.2
250,250,19.2,12.6
251,251,17.2,13.2
252,252,19.0,11.8
253,253,15.0,11.2
254,254,19.2,12.6
255,255,19.2,12.8
256,256,15.6,11.2
257,257,13.8,11.2
258,258,17.0,13.4
259,259,13.0,9.6
260,260,16.8,11.6
261,261,20.6,12.8
262,262,16.6,12.6
263,263,19.6,14.0
264,264,20.6,15.4
265,265,16.0,12.4
266,266,18.0,13.2
267,267,20.0,14.6
268,268,22.4,14.4
269,269,14.8,11.4
270,270,19.0,13.2
271,271,17.6,12.8
272,272,19.6,14.0
273,273,16.8,12.0
274,274,19.8,13.0
275,275,22.8,16.0
276,276,22.4,14.2
277,277,20.4,12.6
278,278,25.4,18.8
279,279,19.0,14.2
280,280,18.6,13.0
281,281,16.4,12.6
282,282,22.8,16.2
283,283,25.0,17.2
284,284,21.8,14.0
285,285,21.6,15.2
286,286,19.4,14.4
287,287,27.0,17.6
288,288,21.0,14.8
289,289,20.8,15.6
290,290,20.8,16.2
291,291,27.8,18.2
292,292,23.0,17.0
293,293,24.6,16.2
294,294,18.4,12.2
295,295,19.8,13.0
296,296,18.8,13.2
297,297,23.2,15.6
298,298,17.4,12.0
299,299,26.0,17.2
300,300,22.0,15.8
301,301,25.4,16.6
302,302,22.6,16.0
303,303,23.8,17.6
304,304,24.0,16.6
305,305,26.8,18.8
306,306,24.8,17.4
307,307,23.8,18.8
308,308,24.4,18.6
309,309,24.0,18.0
310,310,23.2,16.8
311,311,25.8,18.4
312,312,30.4,19.0
313,313,26.6,18.6
314,314,33.4,21.6
315,315,30.0,20.0
316,316,25.4,17.4
317,317,22.6,16.4
318,318,24.4,17.8
319,319,23.6,15.2
320,320,32.2,21.0
321,321,29.2,19.4
322,322,24.8,18.6
323,323,26.0,19.0
324,324,28.0,20.0
325,325,26.4,19.4
326,326,29.6,20.0
327,327,29.6,20.4
328,328,29.2,20.2
329,329,35.6,25.0
330,330,26.4,17.8
331,331,25.4,17.4
332,332,33.8,21.2
333,333,31.8,21.0
334,334,33.4,23.0
335,335,34.8,23.0
336,336,28.8,20.6
337,337,26.4,19.6
338,338,32.4,21.4
339,339,35.0,24.2
340,340,35.2,24.4
341,341,24.0,16.2
342,342,30.6,22.4
343,343,31.6,22.0
344,344,35.2,21.6
345,345,31.8,20.0
346,346,34.2,23.6
347,347,29.2,21.0
348,348,29.8,22.6
349,349,34.6,23.6
350,350,39.6,24.0
351,351,29.8,22.4
352,352,36.4,23.8
353,353,31.0,22.4
354,354,39.2,26.8
355,355,30.4,20.4
356,356,36.2,24.2
357,357,43.8,29.2
358,358,36.2,26.2
359,359,28.4,20.0
360,360,42.4,28.8
361,361,36.4,26.0
362,362,37.6,26.8
363,363,44.4,27.2
364,364,33.4,23.4
365,365,30.4,20.2
366,366,30.0,23.2
367,367,32.6,22.8
368,368,47.6,28.6
369,369,37.4,26.4
370,370,35.0,25.4
371,371,37.0,25.2
372,372,33.6,24.0
373,373,31.6,24.8
374,374,37.0,27.8
375,375,38.4,24.4
376,376,34.6,24.2
377,377,41.2,24.6
378,378,35.8,24.4
379,379,42.0,28.2
380,380,42.0,28.0
381,381,37.6,26.6
382,382,33.8,25.2
383,383,39.2,27.8
384,384,38.2,26.6
385,385,37.0,25.6
386,386,29.8,21.8
387,387,37.2,25.6
388,388,40.6,28.4
389,389,38.8,27.6
390,390,38.0,27.2
391,391,49.2,29.8
392,392,36.2,24.8
393,393,41.6,28.6
394,394,44.2,31.2
395,395,37.8,27.8
396,396,48.8,33.6
397,397,47.2,31.4
398,398,39.6,26.6
399,399,44.4,28.6
400,400,51.2,34.0
401,401,46.0,30.2
402,402,43.0,29.4
403,403,42.0,29.0
404,404,39.8,25.4
405,405,50.6,34.2
406,406,42.6,30.4
407,407,39.6,29.4
408,408,48.8,33.0
409,409,41.6,28.0
410,410,46.8,34.0
411,411,42.8,28.6
412,412,43.2,29.2
413,413,45.0,30.8
414,414,41.4,29.0
415,415,45.6,32.0
416,416,47.8,31.0
417,417,42.6,30.0
418,418,48.6,35.8
419,419,46.2,30.8
420,420,49.8,34.0
421,421,45.4,30.6
422,422,48.6,33.4
423,423,49.6,32.4
424,424,46.2,33.0
425,425,52.6,36.0
426,426,47.4,35.4
427,427,44.2,30.8
428,428,54.4,34.8
429,429,43.0,29.2
430,430,49.8,34.2
431,431,53.4,33.2
432,432,46.2,32.2
433,433,55.6,35.4
434,434,49.4,34.4
435,435,52.6,34.6
436,436,50.6,35.0
437,437,35.0,26.4
438,438,56.6,37.8
439,439,58.6,37.8
440,440,51.8,33.6
441,441,57.0,36.0
442,442,64.2,37.8
443,443,52.4,33.8
444,444,54.2,37.0
445,445,48.6,35.6
446,446,60.0,40.4
447,447,57.2,37.0
448,448,57.0,39.2
449,449,63.8,39.4
450,450,62.0,43.6
451,451,48.4,33.0
452,452,53.0,35.6
453,453,54.2,36.0
454,454,57.0,40.6
455,455,53.8,38.8
456,456,57.4,40.4
457,457,49.6,36.4
458,458,53.6,39.8
459,459,53.0,35.2
460,460,66.8,41.0
461,461,58.8,40.6
462,462,54.2,37.6
463,463,51.4,35.8
464,464,62.4,40.8
465,465,66.2,44.2
466,466,62.2,41.2
467,467,67.0,43.0
468,468,59.2,42.4
469,469,71.0,44.4
470,470,63.4,43.6
471,471,59.2,39.8
472,472,64.8,42.4
473,473,47.6,33.2
474,474,58.6,39.6
475,475,65.0,41.8
476,476,59.2,41.0
477,477,63.0,42.6
478,478,71.4,46.4
479,479,56.4,39.0
480,480,62.2,41.8
481,481,69.4,45.4
482,482,64.4,44.6
483,483,64.4,42.4
484,484,57.8,42.2
485,485,73.6,48.2
486,486,66.6,43.6
487,487,59.2,40.8
488,488,66.2,43.6
489,489,67.6,45.6
490,490,68.6,43.0
491,491,70.6,44.4
492,492,65.4,42.6
493,493,72.4,46.4
494,494,66.6,43.2
495,495,62.2,41.6
496,496,70.2,47.4
497,497,65.6,43.4
498,498,77.2,47.6
499,499,71.0,47.0
500,500,76.8,49.2
501,501,68.2,48.6
502,502,65.0,42.4
503,503,71.2,50.4
504,504,71.6,51.2
505,505,66.6,43.2
506,506,72.2,48.8
507,507,75.0,46.2
508,508,71.8,47.8
509,509,67.2,45.6
510,510,84.8,54.2
511,511,77.0,49.6
512,512,76.6,48.0
513,513,71.2,45.4
514,514,75.0,51.4
515,515,69.0,48.4
516,516,75.2,52.6
517,517,79.0,52.4
518,518,84.4,53.2
519,519,69.2,47.4
520,520,85.4,51.6
521,521,83.0,55.6
522,522,65.4,42.2
523,523,83.2,56.6
524,524,79.4,50.0
525,525,80.4,56.4
526,526,86.0,54.0
527,527,72.6,50.2
528,528,73.0,47.0
529,529,83.8,53.8
530,530,78.2,49.8
531,531,88.8,58.6
532,532,85.2,57.0
533,533,84.6,55.2
534,534,79.0,52.8
535,535,65.2,45.6
536,536,76.4,47.2
537,537,86.0,55.4
538,538,80.4,50.8
539,539,79.0,55.2
540,540,90.2,55.6
541,541,82.0,55.6
542,542,89.2,56.8
543,543,93.2,59.2
544,544,73.8,49.4
545,545,84.6,56.0
546,546,84.4,55.6
547,547,88.0,57.2
548,548,80.4,53.8
549,549,82.6,55.8
550,550,87.0,57.6
551,551,78.4,52.4
552,552,96.6,63.6
553,553,95.6,61.0
554,554,86.6,58.8
555,555,78.6,52.6
556,556,89.0,60.6
557,557,78.4,49.8
558,558,90.8,63.4
559,559,86.6,57.6
560,560,83.4,55.6
561,561,93.4,62.4
562,562,92.6,57.6
563,563,88.2,56.4
564,564,103.0,63.8
565,565,87.2,58.2
566,566,89.4,57.0
567,567,79.6,52.0
568,568,96.2,61.4
569,569,87.4,56.8
570,570,99.8,62.2
571,571,87.0,59.8
572,572,102.8,63.6
573,573,104.4,67.0
574,574,90.4,58.8
575,575,101.6,63.6
576,576,91.8,61.6
577,577,97.4,64.6
578,578,98.6,63.2
579,579,101.0,67.2
580,580,96.8,63.2
581,581,89.4,60.0
582,582,92.0,61.8
583,583,102.8,62.4
584,584,99.8,61.4
585,585,88.0,58.0
586,586,92.8,62.2
587,587,98.8,67.4
588,588,106.4,66.0
589,589,97.8,63.0
590,590,101.0,64.4
591,591,97.6,62.6
592,592,102.0,65.0
593,593,99.4,65.0
594,594,101.0,65.8
595,595,115.2,72.4
596,596,107.2,67.0
597,597,100.8,66.8
598,598,93.0,65.0
599,599,105.8,68.0
600,600,97.0,65.0
601,601,117.8,72.0
602,602,106.4,69.0
603,603,116.0,76.8
604,604,96.0,64.0
605,605,98.2,62.6
606,606,114.8,78.4
607,607,104.8,67.2
608,608,110.0,74.6
609,609,117.8,79.2
610,610,109.0,68.2
611,611,100.2,69.6
612,612,104.6,70.6
613,613,100.2,65.4
614,614,115.4,70.4
615,615,99.4,67.6
616,616,95.4,63.2
617,617,103.4,69.0
618,618,108.8,73.2
619,619,119.6,76.6
620,620,114.0,71.4
621,621,109.2,68.2
622,622,113.2,73.4
623,623,122.0,80.4
624,624,113.0,70.8
625,625,106.8,71.4
626,626,116.2,75.8
627,627,113.2,72.4
628,628,96.8,68.4
629,629,111.2,73.6
630,630,108.6,71.8
631,631,106.8,69.2
632,632,109.2,73.2
633,633,119.8,76.0
634,634,113.0,71.8
635,635,108.0,72.6
636,636,110.4,72.2
637,637,109.8,75.0
638,638,117.8,73.8
639,639,107.4,69.8
640,640,112.8,73.4
641,641,125.6,76.8
642,642,127.6,82.8
643,643,117.2,77.0
644,644,130.8,78.8
645,645,129.4,80.0
646,646,117.8,76.6
647,647,132.8,85.0
648,648,125.2,84.8
649,649,121.0,77.2
650,650,121.8,77.2
651,651,115.2,77.4
652,652,115.4,74.2
653,653,118.8,77.2
654,654,137.4,85.2
655,655,118.2,76.0
656,656,117.6,79.6
657,657,125.6,80.6
658,658,129.4,84.2
659,659,136.0,88.8
660,660,133.2,84.4
661,661,131.6,79.8
662,662,116.6,73.4
663,663,121.4,78.0
664,664,134.4,87.4
665,665,140.6,87.4
666,666,124.4,82.8
667,667,132.4,89.2
668,668,137.0,86.4
669,669,131.0,82.6
670,670,137.2,85.2
671,671,129.4,80.8
672,672,140.8,90.2
673,673,133.8,84.2
674,674,123.6,84.0
675,675,131.2,85.6
676,676,120.0,81.0
677,677,137.6,93.2
678,678,129.2,86.2
679,679,129.0,86.4
680,680,120.4,79.6
681,681,151.2,91.0
682,682,145.0,89.2
683,683,130.8,83.8
684,684,128.2,84.4
685,685,145.2,92.2
686,686,133.6,85.6
687,687,137.0,89.6
688,688,143.2,91.0
689,689,121.4,84.2
690,690,155.0,97.4
691,691,131.8,83.8
692,692,125.4,86.0
693,693,134.8,84.6
694,694,143.8,95.0
695,695,155.2,96.2
696,696,146.6,90.2
697,697,141.2,88.2
698,698,124.6,82.4
699,699,140.6,90.4
700,700,143.2,91.2
701,701,157.8,99.0
702,702,147.6,94.6
703,703,154.6,96.0
704,704,149.2,93.2
705,705,153.4,98.8
706,706,150.0,92.6
707,707,130.0,83.0
708,708,148.0,97.2
709,709,150.4,94.6
710,710,133.6,86.2
711,711,156.0,99.4
712,712,135.8,86.2
713,713,147.2,92.6
714,714,158.6,96.4
715,715,141.2,88.2
716,716,138.6,93.2
717,717,148.2,93.8
718,718,164.6,100.6
719,719,153.2,100.6
720,720,161.2,97.2
721,721,144.0,90.8
722,722,162.2,99.2
723,723,164.6,98.8
724,724,170.6,105.8
725,725,159.2,99.0
726,726,154.2,95.6
727,727,137.6,88.4
728,728,166.8,107.8
729,729,153.8,99.8
730,730,157.0,100.8
731,731,148.8,90.8
732,732,162.2,103.2
733,733,151.4,98.4
734,734,159.0,101.4
735,735,162.4,103.2
736,736,180.6,111.4
737,737,159.8,99.2
738,738,161.8,100.6
739,739,182.8,108.2
740,740,166.4,102.0
741,741,161.8,100.4
742,742,157.6,99.0
743,743,160.2,105.2
744,744,157.4,96.6
745,745,165.0,98.8
746,746,167.4,105.8
747,747,168.6,107.2
748,748,159.8,103.6
749,749,169.0,107.6
750,750,174.8,103.8
751,751,165.2,105.8
752,752,170.4,106.2
753,753,178.2,105.8
754,754,158.8,103.4
755,755,176.6,106.6
756,756,161.6,101.0
757,757,188.8,115.0
758,758,182.6,113.8
759,759,159.0,103.8
760,760,195.0,115.2
761,761,162.0,106.0
762,762,175.6,105.4
763,763,172.2,105.8
764,764,166.6,105.6
765,765,172.2,110.6
766,766,154.0,100.8
767,767,183.6,113.8
768,768,164.6,106.6
769,769,167.8,111.8
770,770,177.6,112.6
771,771,179.2,112.8
772,772,198.2,117.8
773,773,176.4,110.8
774,774,166.8,106.4
775,775,173.6,113.2
776,776,185.4,116.2
777,777,180.0,113.4
778,778,184.0,115.2
779,779,178.4,112.2
780,780,186.2,115.2
781,781,170.8,108.8
782,782,171.8,110.2
783,783,174.6,112.2
784,784,173.2,111.6
785,785,178.4,109.4
786,786,179.8,116.2
787,787,178.4,113.2
788,788,190.8,113.2
789,789,194.0,118.0
790,790,192.6,117.6
791,791,189.6,113.6
792,792,167.8,109.0
793,793,208.2,125.4
794,794,200.2,120.6
795,795,176.6,112.0
796,796,192.2,119.4
797,797,192.4,120.6
798,798,197.2,120.8
799,799,184.0,118.4
800,800,188.2,120.6
801,801,198.8,120.6
802,802,188.8,116.0
803,803,190.4,122.6
804,804,200.8,119.8
805,805,198.2,123.2
806,806,203.0,123.0
807,807,195.8,118.0
808,808,183.8,117.8
809,809,189.6,121.6
810,810,186.2,122.2
811,811,172.6,108.6
812,812,190.4,114.8
813,813,206.4,128.0
814,814,195.6,120.6
815,815,190.6,123.2
816,816,205.2,122.6
817,817,203.6,128.2
818,818,206.0,125.0
819,819,201.2,129.0
820,820,200.4,119.4
821,821,192.6,121.2
822,822,199.0,124.6
823,823,201.4,126.4
824,824,219.6,135.8
825,825,210.8,129.8
826,826,213.2,125.8
827,827,194.6,123.4
828,828,223.8,132.8
829,829,218.0,133.0
830,830,217.4,132.2
831,831,217.0,130.4
832,832,223.2,134.4
833,833,215.2,135.8
834,834,220.6,132.0
835,835,220.0,136.4
836,836,206.2,125.8
837,837,226.6,136.4
838,838,236.8,141.6
839,839,226.0,137.6
840,840,218.4,128.8
841,841,240.6,144.2
842,842,220.4,134.0
843,843,221.4,134.0
844,844,212.4,130.4
845,845,207.8,129.8
846,846,235.2,139.0
847,847,214.0,130.4
848,848,200.4,126.2
849,849,200.2,125.0
850,850,217.0,135.4
851,851,222.2,136.8
852,852,207.0,128.2
853,853,226.2,134.8
854,854,240.0,134.0
855,855,223.6,129.8
856,856,201.0,125.4
857,857,228.2,139.2
858,858,219.4,136.0
859,859,201.6,129.4
860,860,221.6,137.2
861,861,242.8,143.4
862,862,246.4,144.6
863,863,237.4,140.0
864,864,236.8,142.2
865,865,215.4,135.2
866,866,233.8,140.8
867,867,224.6,137.6
868,868,236.2,139.8
869,869,251.8,142.8
870,870,219.8,136.4
871,871,224.6,140.6
872,872,265.4,154.6
873,873,205.0,133.4
874,874,253.8,155.6
875,875,238.2,148.8
876,876,225.6,141.0
877,877,239.6,145.8
878,878,221.0,144.6
879,879,241.8,146.0
880,880,214.2,131.4
881,881,233.2,142.0
882,882,233.0,142.0
883,883,241.8,140.6
884,884,228.0,141.6
885,885,255.8,148.0
886,886,237.2,142.8
887,887,251.6,151.6
888,888,244.8,148.2
889,889,244.4,150.0
890,890,244.0,147.0
891,891,244.0,149.2
892,892,225.6,143.4
893,893,240.6,142.6
894,894,215.8,133.0
895,895,244.4,147.2
896,896,274.4,163.2
897,897,239.4,150.2
898,898,256.2,153.8
899,899,235.2,144.2
900,900,249.8,149.6
901,901,254.2,146.0
902,902,272.8,156.2
903,903,244.0,152.8
904,904,239.8,146.6
905,905,230.4,144.6
906,906,295.0,164.4
907,907,269.0,158.2
908,908,257.4,157.8
909,909,277.2,158.6
910,910,259.6,153.8
911,911,250.2,153.0
912,912,252.6,145.0
913,913,261.4,156.2
914,914,232.0,143.6
915,915,275.8,163.8
916,916,262.2,161.4
917,917,263.2,155.8
918,918,249.0,153.0
919,919,262.8,158.0
920,920,262.6,159.0
921,921,248.8,157.0
922,922,276.4,163.2
923,923,250.4,149.4
924,924,266.0,157.8
925,925,272.2,159.2
926,926,265.0,163.0
927,927,251.8,155.0
928,928,252.4,153.4
929,929,278.8,163.2
930,930,292.0,168.6
931,931,256.0,155.8
932,932,259.0,156.6
933,933,291.6,168.8
934,934,263.6,158.6
935,935,283.8,169.0
936,936,281.0,163.4
937,937,268.6,162.0
938,938,258.6,159.0
939,939,288.6,167.6
940,940,280.0,165.6
941,941,279.2,170.0
942,942,291.6,174.0
943,943,249.2,159.4
944,944,275.4,167.6
945,945,263.6,164.8
946,946,278.8,168.8
947,947,256.4,160.6
948,948,291.0,171.4
949,949,278.4,164.2
950,950,280.4,169.8
951,951,297.8,173.0
952,952,296.2,182.6
953,953,305.0,174.8
954,954,272.8,171.8
955,955,291.4,171.0
956,956,281.0,167.2
957,957,295.4,172.0
958,958,276.6,163.2
959,959,289.4,169.4
960,960,286.0,170.6
961,961,304.0,175.4
962,962,281.4,169.4
963,963,312.2,174.6
964,964,266.8,159.4
965,965,255.2,166.0
966,966,290.8,171.4
967,967,297.6,178.8
968,968,281.6,166.4
969,969,312.4,184.8
970,970,295.6,175.8
971,971,289.8,174.8
972,972,283.0,173.2
973,973,296.8,179.6
974,974,322.4,178.6
975,975,286.2,176.8
976,976,298.2,171.6
977,977,312.0,181.4
978,978,298.4,179.6
979,979,297.8,170.4
980,980,304.2,179.2
981,981,303.0,174.6
982,982,336.0,187.6
983,983,295.6,181.0
984,984,305.4,183.0
985,985,330.4,193.8
986,986,306.2,180.6
987,987,303.8,179.4
988,988,309.8,184.4
989,989,307.8,182.4
990,990,302.4,178.2
991,991,353.6,200.2
992,992,283.0,171.4
993,993,326.4,187.0
994,994,314.0,186.6
995,995,311.2,184.0
996,996,322.2,188.4
997,997,325.8,189.0
998,998,306.2,188.4
999,999,309.8,186.0
1000,1000,322.0,183.8
1001,1001,320.4,185.0
1002,1002,324.4,189.2
1003,1003,332.8,189.2
1004,1004,325.0,186.4
1005,1005,326.2,190.2
1006,1006,321.8,189.8
1007,1007,313.6,193.4
1008,1008,312.6,187.4
1009,1009,328.4,192.6
1010,1010,322.2,188.2
1011,1011,336.0,191.8
1012,1012,328.0,189.4
1013,1013,322.6,184.8
1014,1014,303.4,186.2
1015,1015,315.2,187.0
1016,1016,331.0,197.8
1017,1017,328.8,197.2
1018,1018,330.4,191.4
1019,1019,316.2,189.4
1020,1020,349.6,196.4
1021,1021,321.4,190.2
1022,1022,317.4,192.2
1023,1023,343.6,196.4
1024,1024,328.2,193.4
1025,1025,339.4,197.6
1026,1026,314.6,192.6
1027,1027,332.4,194.0
1028,1028,333.2,193.0
1029,1029,351.0,202.0
1030,1030,340.2,195.2
1031,1031,348.0,201.6
1032,1032,367.0,212.8
1033,1033,361.0,205.0
1034,1034,347.4,201.8
1035,1035,321.4,196.6
1036,1036,334.8,193.8
1037,1037,345.6,195.2
1038,1038,325.0,197.8
1039,1039,345.6,204.4
1040,1040,326.8,197.4
1041,1041,335.8,196.0
1042,1042,346.6,205.6
1043,1043,363.0,215.2
1044,1044,319.2,192.6
1045,1045,377.6,212.0
1046,1046,340.4,194.0
1047,1047,374.4,212.2
1048,1048,358.2,207.0
1049,1049,352.2,204.6
1050,1050,359.8,210.8
1051,1051,347.2,200.4
1052,1052,347.4,202.6
1053,1053,347.0,200.6
1054,1054,332.4,200.4
1055,1055,363.8,207.8
1056,1056,370.4,215.8
1057,1057,361.6,209.6
1058,1058,380.6,221.4
1059,1059,375.0,209.4
1060,1060,381.2,203.8
1061,1061,338.4,202.2
1062,1062,369.2,211.0
1063,1063,354.8,209.4
1064,1064,347.8,204.6
1065,1065,366.4,210.2
1066,1066,371.2,211.2
1067,1067,363.4,211.4
1068,1068,335.4,201.0
1069,1069,366.0,210.8
1070,1070,364.2,215.0
1071,1071,380.4,218.8
1072,1072,374.2,219.0
1073,1073,361.4,216.8
1074,1074,347.4,208.2
1075,1075,368.0,211.4
1076,1076,374.4,215.4
1077,1077,369.4,213.0
1078,1078,386.2,220.4
1079,1079,367.0,217.6
1080,1080,397.4,222.2
1081,1081,377.6,214.2
1082,1082,380.8,221.8
1083,1083,379.2,223.4
1084,1084,378.6,211.0
1085,1085,354.8,220.6
1086,1086,373.2,216.6
1087,1087,377.2,222.8
1088,1088,360.2,212.6
1089,1089,394.0,226.2
1090,1090,384.4,227.8
1091,1091,386.0,218.4
1092,1092,398.4,228.0
1093,1093,399.0,228.2
1094,1094,407.6,228.0
1095,1095,403.4,221.2
1096,1096,397.0,223.6
1097,1097,406.0,234.8
1098,1098,383.2,220.6
1099,1099,412.4,235.0
1100,1100,366.4,216.4
1101,1101,377.2,213.0
1102,1102,420.4,230.6
1103,1103,408.4,231.4
1104,1104,401.4,219.4
1105,1105,413.2,232.6
1106,1106,404.4,239.2
1107,1107,389.2,224.2
1108,1108,409.8,230.8
1109,1109,396.2,228.2
1110,1110,377.8,222.8
1111,1111,406.0,225.8
1112,1112,389.0,219.6
1113,1113,415.0,233.8
1114,1114,406.4,229.6
1115,1115,385.8,224.4
1116,1116,416.6,238.2
1117,1117,409.0,236.4
1118,1118,440.4,251.0
1119,1119,420.0,230.4
1120,1120,406.4,231.2
1121,1121,409.0,230.8
1122,1122,434.0,238.6
1123,1123,415.0,233.8
1124,1124,422.4,235.0
1125,1125,405.8,225.6
1126,1126,408.0,239.0
1127,1127,412.2,237.6
1128,1128,403.2,232.8
1129,1129,411.8,243.4
1130,1130,420.4,235.8
1131,1131,424.2,241.0
1132,1132,430.6,244.2
1133,1133,433.0,242.6
1134,1134,435.6,237.4
1135,1135,399.2,229.8
1136,1136,405.8,236.0
1137,1137,440.6,241.8
1138,1138,409.2,236.0
1139,1139,417.8,242.8
1140,1140,435.2,244.8
1141,1141,401.0,238.4
1142,1142,408.0,233.0
1143,1143,450.6,252.4
1144,1144,442.2,248.2
1145,1145,447.2,247.8
1146,1146,437.4,249.0
1147,1147,438.0,250.8
1148,1148,409.8,239.0
1149,1149,413.8,231.2
1150,1150,447.2,254.0
1151,1151,451.4,249.6
1152,1152,442.2,247.2
1153,1153,457.4,264.0
1154,1154,405.8,242.4
1155,1155,432.8,244.4
1156,1156,418.8,241.6
1157,1157,459.6,260.6
1158,1158,419.4,247.4
1159,1159,430.2,254.6
1160,1160,436.0,252.2
1161,1161,461.0,259.2
1162,1162,451.8,256.0
1163,1163,415.2,241.8
1164,1164,427.8,249.4
1165,1165,417.6,238.4
1166,1166,443.6,251.8
1167,1167,427.0,246.2
1168,1168,432.2,248.2
1169,1169,458.0,261.0
1170,1170,474.4,255.4
1171,1171,488.2,261.6
1172,1172,457.0,257.6
1173,1173,462.0,255.0
1174,1174,435.0,246.8
1175,1175,434.0,254.6
1176,1176,498.6,272.8
1177,1177,452.8,258.6
1178,1178,441.6,255.0
1179,1179,432.4,251.8
1180,1180,486.6,268.0
1181,1181,479.0,266.2
1182,1182,458.4,257.0
1183,1183,463.0,258.2
1184,1184,463.0,257.4
1185,1185,474.4,260.4
1186,1186,487.8,270.0
1187,1187,469.4,267.4
1188,1188,450.4,254.6
1189,1189,439.0,253.0
1190,1190,474.0,264.2
1191,1191,462.0,258.8
1192,1192,460.0,258.8
1193,1193,476.2,266.0
1194,1194,487.2,276.0
1195,1195,451.4,258.8
1196,1196,452.2,266.0
1197,1197,504.8,272.8
1198,1198,453.8,260.4
1199,1199,463.0,260.0
1200,1200,492.2,271.0
1201,1201,471.6,264.4
1202,1202,483.0,274.8
1203,1203,456.8,262.4
1204,1204,491.4,269.4
1205,1205,486.2,267.4
1206,1206,497.4,270.4
1207,1207,502.0,271.8
1208,1208,496.2,276.4
1209,1209,496.2,276.6
1210,1210,503.2,275.4
1211,1211,517.0,283.0
1212,1212,488.0,267.0
1213,1213,488.2,264.6
1214,1214,465.4,269.6
1215,1215,533.6,301.4
1216,1216,502.8,273.4
1217,1217,493.4,279.2
1218,1218,504.4,275.6
1219,1219,489.4,277.4
1220,1220,494.6,284.8
1221,1221,489.0,273.2
1222,1222,502.2,282.2
1223,1223,519.8,284.2
1224,1224,472.2,258.4
1225,1225,521.4,284.4
1226,1226,483.6,274.0
1227,1227,488.4,273.2
1228,1228,532.8,289.2
1229,1229,492.8,277.6
1230,1230,495.8,283.4
1231,1231,525.8,286.2
1232,1232,500.6,289.0
1233,1233,506.6,271.8
1234,1234,486.0,277.4
1235,1235,517.6,286.4
1236,1236,481.4,277.0
1237,1237,509.6,279.6
1238,1238,499.8,279.6
1239,1239,522.6,287.6
1240,1240,468.4,270.4
1241,1241,501.6,278.2
1242,1242,502.6,283.8
1243,1243,460.6,267.6
1244,1244,505.6,280.0
1245,1245,536.2,302.0
1246,1246,506.4,292.2
1247,1247,538.0,294.6
1248,1248,565.4,305.8
1249,1249,535.0,288.2
1250,1250,527.2,287.0
1251,1251,527.4,290.6
1252,1252,543.2,293.4
1253,1253,515.0,291.8
1254,1254,537.0,298.4
1255,1255,509.8,296.0
1256,1256,545.6,295.4
1257,1257,545.6,301.0
1258,1258,544.8,299.0
1259,1259,489.6,281.8
1260,1260,557.8,303.8
1261,1261,530.2,298.8
1262,1262,529.4,291.8
1263,1263,533.8,297.6
1264,1264,514.2,293.0
1265,1265,549.0,299.0
1266,1266,548.0,304.4
1267,1267,520.8,290.4
1268,1268,569.2,309.6
1269,1269,544.8,296.8
1270,1270,515.0,291.4
1271,1271,544.8,297.2
1272,1272,533.2,302.0
1273,1273,557.6,304.6
1274,1274,521.6,288.0
1275,1275,576.0,310.0
1276,1276,559.0,306.4
1277,1277,592.0,318.4
1278,1278,560.6,305.6
1279,1279,542.0,297.6
1280,1280,583.4,316.6
1281,1281,570.0,318.6
1282,1282,552.0,301.0
1283,1283,547.2,302.2
1284,1284,559.8,309.4
1285,1285,560.8,302.4
1286,1286,548.8,306.4
1287,1287,565.4,315.8
1288,1288,580.2,307.0
1289,1289,584.8,316.8
1290,1290,570.2,312.8
1291,1291,551.4,304.4
1292,1292,589.6,312.0
1293,1293,581.4,314.2
1294,1294,583.8,319.8
1295,1295,576.8,306.8
1296,1296,578.4,316.2
1297,1297,614.0,318.4
1298,1298,614.4,329.6
1299,1299,599.6,318.6
1300,1300,603.4,320.0
1301,1301,526.6,304.4
1302,1302,580.6,317.0
1303,1303,589.8,320.8
1304,1304,605.2,324.0
1305,1305,557.2,312.8
1306,1306,596.0,313.4
1307,1307,571.0,303.8
1308,1308,580.6,313.4
1309,1309,577.2,318.4
1310,1310,605.6,328.4
1311,1311,635.8,328.2
1312,1312,578.4,312.6
1313,1313,581.2,311.6
1314,1314,591.2,323.6
1315,1315,644.8,332.6
1316,1316,621.0,336.6
1317,1317,585.8,323.8
1318,1318,571.4,309.8
1319,1319,653.0,329.2
1320,1320,612.2,326.6
1321,1321,619.0,328.4
1322,1322,561.6,313.8
1323,1323,569.6,309.6
1324,1324,593.6,323.8
1325,1325,598.2,317.8
1326,1326,619.2,340.0
1327,1327,597.4,323.0
1328,1328,607.0,330.2
1329,1329,667.4,346.2
1330,1330,573.6,323.0
1331,1331,623.0,332.2
1332,1332,605.2,329.4
1333,1333,623.0,334.8
1334,1334,575.8,317.4
1335,1335,647.8,335.0
1336,1336,626.0,339.0
1337,1337,646.4,345.2
1338,1338,630.8,338.0
1339,1339,646.8,338.4
1340,1340,647.6,336.8
1341,1341,590.0,330.0
1342,1342,618.0,338.2
1343,1343,642.4,349.0
1344,1344,662.6,342.8
1345,1345,584.6,329.4
1346,1346,618.6,333.0
1347,1347,611.6,333.0
1348,1348,625.8,334.2
1349,1349,632.8,340.6
1350,1350,584.2,326.6
1351,1351,654.8,345.8
1352,1352,664.8,346.8
1353,1353,608.4,336.4
1354,1354,644.6,343.6
1355,1355,670.8,357.0
1356,1356,613.8,334.6
1357,1357,682.2,351.4
1358,1358,688.0,352.4
1359,1359,618.6,336.4
1360,1360,659.6,348.2
1361,1361,628.4,341.8
1362,1362,628.0,332.6
1363,1363,641.8,349.8
1364,1364,682.8,351.2
1365,1365,640.2,345.0
1366,1366,647.8,345.4
1367,1367,620.4,343.6
1368,1368,603.4,333.8
1369,1369,678.0,364.0
1370,1370,651.8,342.0
1371,1371,659.0,351.0
1372,1372,663.2,347.6
1373,1373,637.0,348.8
1374,1374,682.0,350.6
1375,1375,671.0,350.8
1376,1376,639.4,349.2
1377,1377,670.0,359.0
1378,1378,640.6,349.8
1379,1379,638.6,343.4
1380,1380,635.8,350.6
1381,1381,659.8,357.0
1382,1382,634.4,357.2
1383,1383,695.8,362.2
1384,1384,701.4,366.2
1385,1385,676.2,367.0
1386,1386,676.8,365.8
1387,1387,667.8,359.6
1388,1388,713.0,370.4
1389,1389,690.0,365.0
1390,1390,738.4,373.8
1391,1391,696.2,364.8
1392,1392,669.8,355.8
1393,1393,664.8,353.0
1394,1394,683.4,365.0
1395,1395,670.6,363.4
1396,1396,681.0,363.4
1397,1397,641.4,344.8
1398,1398,752.0,378.0
1399,1399,713.0,369.0
1400,1400,689.6,375.6
1401,1401,665.4,356.2
1402,1402,723.8,374.2
1403,1403,690.6,363.0
1404,1404,720.4,366.0
1405,1405,687.0,363.2
1406,1406,700.6,368.2
1407,1407,746.0,378.0
1408,1408,716.0,372.6
1409,1409,722.4,375.4
1410,1410,704.4,362.8
1411,1411,723.8,370.6
1412,1412,772.0,383.8
1413,1413,701.6,370.8
1414,1414,726.6,386.2
1415,1415,714.0,378.8
1416,1416,685.0,360.8
1417,1417,705.2,373.4
1418,1418,695.4,373.6
1419,1419,704.8,378.6
1420,1420,715.2,371.4
1421,1421,698.0,366.0
1422,1422,709.0,370.0
1423,1423,652.8,362.2
1424,1424,790.8,403.8
1425,1425,699.8,377.4
1426,1426,732.4,378.0
1427,1427,726.2,380.2
1428,1428,716.2,375.6
1429,1429,706.6,369.8
1430,1430,747.6,382.6
1431,1431,749.6,392.2
1432,1432,704.6,372.4
1433,1433,783.8,395.4
1434,1434,704.2,383.8
1435,1435,764.6,388.6
1436,1436,714.6,384.2
1437,1437,772.0,396.6
1438,1438,738.4,380.2
1439,1439,733.6,386.2
1440,1440,750.8,393.2
1441,1441,757.8,397.8
1442,1442,681.0,378.2
1443,1443,752.2,392.4
1444,1444,745.6,396.0
1445,1445,672.2,376.6
1446,1446,754.0,391.4
1447,1447,747.4,382.0
1448,1448,737.0,381.4
1449,1449,792.6,404.0
1450,1450,749.2,384.4
1451,1451,745.8,390.4
1452,1452,743.4,389.2
1453,1453,740.6,386.0
1454,1454,787.0,405.8
1455,1455,738.2,388.6
1456,1456,770.2,398.6
1457,1457,745.2,382.2
1458,1458,787.8,404.8
1459,1459,781.8,405.6
1460,1460,764.4,397.6
1461,1461,728.4,389.6
1462,1462,759.0,397.2
1463,1463,759.4,398.4
1464,1464,777.0,407.0
1465,1465,787.4,398.8
1466,1466,802.0,409.4
1467,1467,793.4,407.4
1468,1468,767.6,396.2
1469,1469,810.2,400.6
1470,1470,817.8,423.4
1471,1471,759.6,402.4
1472,1472,747.0,400.8
1473,1473,797.6,399.4
1474,1474,752.4,404.8
1475,1475,803.4,403.4
1476,1476,747.0,401.4
1477,1477,818.0,414.8
1478,1478,795.4,413.6
1479,1479,813.4,411.4
1480,1480,817.8,402.0
1481,1481,843.2,425.2
1482,1482,746.2,393.4
1483,1483,815.6,417.4
1484,1484,756.8,404.4
1485,1485,791.6,404.8
1486,1486,793.4,412.8
1487,1487,784.6,417.4
1488,1488,801.2,417.8
1489,1489,791.4,411.4
1490,1490,815.0,422.6
1491,1491,758.0,401.4
1492,1492,804.8,415.4
1493,1493,826.2,420.8
1494,1494,801.6,407.4
1495,1495,778.8,407.6
1496,1496,795.4,416.2
1497,1497,782.0,408.8
1498,1498,880.2,441.6
1499,1499,794.0,418.6
