,number_of_messages,collision_probability
0,1,0.0
1,2,0.0
2,3,0.0
3,4,0.0
4,5,0.0
5,6,0.0
6,7,0.0006557377049180328
7,8,0.0
8,9,0.0005063291139240507
9,10,0.0013698630136986301
10,11,0.001867219917012448
11,12,0.0007611818999796825
12,13,0.002988015814183346
13,14,0.001139271540118837
14,15,0.0009146383906819183
15,16,0.005132482984527258
16,17,0.0022826018228296317
17,18,0.00709631614071902
18,19,0.0025213104987370284
19,20,0.00445310088086647
20,21,0.0021710828875485737
21,22,0.001865720990701027
22,23,0.0017838483185483721
23,24,0.0017099464341114833
24,25,0.002737069534827237
25,26,0.0038598080041378708
26,27,0.0025334334503220686
27,28,0.002604741206530144
28,29,0.002518015766991442
29,30,0.0037247967313028423
30,31,0.0020579591926173637
31,32,0.003417993398304539
32,33,0.0025545831431684047
33,34,0.0034224605631642925
34,35,0.0037771888102645346
35,36,0.0025334544439184455
36,37,0.004995967320421156
37,38,0.0049822212489242495
38,39,0.004032569860224613
39,40,0.008145720338184836
40,41,0.004673291849318343
41,42,0.0034203507894655033
42,43,0.007424502036832989
43,44,0.006115415319756414
44,45,0.004865896322710187
45,46,0.005651914955633287
46,47,0.005380633655597614
47,48,0.008979583048386287
48,49,0.005213091771989147
49,50,0.0073883945510679495
50,51,0.005671360939961791
51,52,0.007670386180819095
52,53,0.0055460061198375115
53,54,0.0037177555162725287
54,55,0.005509772335028746
55,56,0.0076599407064879
56,57,0.006517493353792992
57,58,0.005937010384545877
58,59,0.008114650715976543
59,60,0.008886340159335138
60,61,0.006277486729761595
61,62,0.007393703885605235
62,63,0.007524701502268427
63,64,0.007981171716310506
64,65,0.007403253198289437
65,66,0.008672296438149119
66,67,0.006637183390006979
67,68,0.0051962155790414915
68,69,0.00667552723829964
69,70,0.007847060119428904
70,71,0.008215802294064515
71,72,0.007786545649245748
72,73,0.008428743108395847
73,74,0.007209563084049563
74,75,0.00799276033826474
75,76,0.0072550449233425105
76,77,0.00775666223249997
77,78,0.006634543468805383
78,79,0.00741507665470136
79,80,0.00783903275835811
80,81,0.00717573575813948
81,82,0.010674080526879796
82,83,0.007992720803376553
83,84,0.008061088259110298
84,85,0.008719910848276335
85,86,0.007236503942693361
86,87,0.007569385007970816
87,88,0.010463968911719029
88,89,0.00783563020001417
89,90,0.00937101094061113
90,91,0.007315018428279594
91,92,0.006936846129196284
92,93,0.0076482500226532244
93,94,0.010816118718822475
94,95,0.006574767285092732
95,96,0.0104692154694978
96,97,0.009330098854309004
97,98,0.00905211553120552
98,99,0.0074132145889790665
99,100,0.00923195449182718
100,101,0.010089675324486102
101,102,0.009826472809151606
102,103,0.010978558679814543
103,104,0.01093022734209435
104,105,0.009854927810369398
105,106,0.009007198634805686
106,107,0.009928255482009745
107,108,0.010235603032389124
108,109,0.011477716810628468
109,110,0.01077423650179576
110,111,0.010695247078514008
111,112,0.010484217655576769
112,113,0.009320678131626734
113,114,0.010957164796868426
114,115,0.010898775868160033
115,116,0.009923126212910856
116,117,0.01034639501826502
117,118,0.010740978238368384
118,119,0.01149394842987032
119,120,0.011052541953894891
120,121,0.011675234831149886
121,122,0.01044506353177485
122,123,0.010228160170233615
123,124,0.011339591974289267
124,125,0.01168875718567226
125,126,0.012064844190298792
126,127,0.012125736973980675
127,128,0.012059991380513347
128,129,0.011664208011260602
129,130,0.012020816887589186
130,131,0.010805835871048445
131,132,0.012049923483835587
132,133,0.013296290794670174
133,134,0.012399505574832343
134,135,0.01633876639835089
135,136,0.011618054619066773
136,137,0.014207961395942359
137,138,0.013509122260771477
138,139,0.013078941820141849
139,140,0.011916469111273694
140,141,0.013058702366950396
141,142,0.013099334361133887
142,143,0.012320129177437132
143,144,0.012284831360474965
144,145,0.010782097405870734
145,146,0.013502828481406895
146,147,0.015150447680491749
147,148,0.013750776064139051
148,149,0.012729618564381437
149,150,0.014862581127179877
150,151,0.015788313508495782
151,152,0.0132384070157708
152,153,0.013376687129838066
153,154,0.01485849645269596
154,155,0.014012581128375678
155,156,0.014714140600464156
156,157,0.01734840238762335
157,158,0.016191819632426312
158,159,0.014820790290137073
159,160,0.01508204926023624
160,161,0.013550448186845985
161,162,0.015601146128055965
162,163,0.014444686239889768
163,164,0.015113247849257438
164,165,0.016476986723155652
165,166,0.015576051474649716
166,167,0.013756769251491613
167,168,0.015886476509422206
168,169,0.01470865085938856
169,170,0.01716960001275559
170,171,0.015869651578617458
171,172,0.015992169069239785
172,173,0.017549585364133764
173,174,0.01450652175480414
174,175,0.016543758594044007
175,176,0.01882505618172004
176,177,0.0172017752169995
177,178,0.015414356509642485
178,179,0.016991682841435284
179,180,0.015622182301544798
180,181,0.0156269255862864
181,182,0.016245001600071994
182,183,0.017591267474839974
183,184,0.017059526843150576
184,185,0.019157571409741704
185,186,0.01940173872965397
186,187,0.017526230307283126
187,188,0.018651642817792396
188,189,0.0199247847592881
189,190,0.018584366466374812
190,191,0.017756551295742377
191,192,0.017928111595520917
192,193,0.017535948803776135
193,194,0.019446380503477988
194,195,0.020060655036501084
195,196,0.018658414071909553
196,197,0.019178270013221685
197,198,0.018400999053709247
198,199,0.018906051409988866
199,200,0.019876646279077405
200,201,0.01860408757169024
201,202,0.017197500864077297
202,203,0.018779907498118427
203,204,0.020552158280739582
204,205,0.019367426831044067
205,206,0.018134197519825875
206,207,0.020265349488628633
207,208,0.019882361964511795
208,209,0.02153474385240977
209,210,0.018741007410123297
210,211,0.019279193313345377
211,212,0.02001844615089641
212,213,0.019419623065131886
213,214,0.019392563783151552
214,215,0.018103323716635047
215,216,0.018266130000505743
216,217,0.01961849526459903
217,218,0.02061485223969798
218,219,0.020298009396591734
219,220,0.01981512829517907
220,221,0.02288444911443224
221,222,0.019933677669788423
222,223,0.02104917120058341
223,224,0.019978175074330272
224,225,0.019126282392113315
225,226,0.021505404730103053
226,227,0.021095844792868114
227,228,0.020056286995772492
228,229,0.022986995024463476
229,230,0.02117061306099922
230,231,0.02183559765387753
231,232,0.021738721877225604
232,233,0.022545516169082448
233,234,0.021679118290702147
234,235,0.021082674108132898
235,236,0.020606109228055457
236,237,0.021352882164578403
237,238,0.023343040670290402
238,239,0.021875168409058586
239,240,0.0230380815933443
240,241,0.021697871384149116
241,242,0.02150054960337484
242,243,0.021647302157856166
243,244,0.022762626282694796
244,245,0.022927193390016885
245,246,0.024866245224452837
246,247,0.02368754928253649
247,248,0.023254349854533618
248,249,0.022550120165954132
249,250,0.022774704837966696
250,251,0.024388090846504857
251,252,0.025493749020439993
252,253,0.025443389316284475
253,254,0.023758487900809012
254,255,0.024395969088331727
255,256,0.025718572176252147
256,257,0.023601242926943062
257,258,0.023342338933170427
258,259,0.025991085332577914
259,260,0.025072186209445985
260,261,0.023051113920660518
261,262,0.024042721263712406
262,263,0.02376090718214428
263,264,0.02569775879335808
264,265,0.025243437218022004
265,266,0.027501812455386004
266,267,0.02391169477521001
267,268,0.025762381628485494
268,269,0.02539611469599213
269,270,0.025220553029827286
270,271,0.026463197849258928
271,272,0.026526136673378987
272,273,0.025541237081567553
273,274,0.025257124155302967
274,275,0.02590994748542394
275,276,0.02557400248320944
276,277,0.02625301622750572
277,278,0.02578216057183063
278,279,0.02558624212233293
279,280,0.026123291586944784
280,281,0.025734366003653735
281,282,0.026125548278839332
282,283,0.026313171305694705
283,284,0.028967422431249057
284,285,0.02786860367065038
285,286,0.027063474585519786
286,287,0.029456585387937738
287,288,0.027305519225613827
288,289,0.027803551071164
289,290,0.02647801749349072
290,291,0.027119432520622534
291,292,0.028350242219651378
292,293,0.0282009007026136
293,294,0.026920615868882853
294,295,0.027498206504615062
295,296,0.0293276447567699
296,297,0.02731909429037684
297,298,0.0282690132036262
298,299,0.028250954635543297
299,300,0.028787145908599977
300,301,0.02915865042204465
301,302,0.026571134199563567
302,303,0.028609957072016873
303,304,0.0269453812037043
304,305,0.02964652966829867
305,306,0.029522209755382132
306,307,0.029983486016666998
307,308,0.02880531683904285
308,309,0.029478252169882313
309,310,0.029195441385016396
310,311,0.027050477040574165
311,312,0.02779022723429083
312,313,0.028890636838715282
313,314,0.03014761351661737
314,315,0.030677602596284315
315,316,0.030608780460598534
316,317,0.03236487701823543
317,318,0.03018369719420806
318,319,0.031952222891690425
319,320,0.029627634751282127
320,321,0.030597174942897782
321,322,0.03080297727851513
322,323,0.030554863865259397
323,324,0.031324012643732996
324,325,0.03019557977476179
325,326,0.03146034230527491
326,327,0.03210965430468912
327,328,0.031796093527139586
328,329,0.03071961186105308
329,330,0.03197253239964396
330,331,0.029965710634525654
331,332,0.03142703895386484
332,333,0.03236562281444803
333,334,0.032710332608151246
334,335,0.032321828348607876
335,336,0.031746607439568156
336,337,0.030831809142660947
337,338,0.03175723432033481
338,339,0.031150846261859468
339,340,0.03077946559737077
340,341,0.03207712236168037
341,342,0.03347414934408797
342,343,0.03319443539249952
343,344,0.03202179387932774
344,345,0.03322622219346465
345,346,0.03119124143315973
346,347,0.031501192820409474
347,348,0.03288197722974278
348,349,0.03298058090595025
349,350,0.03237929953428311
350,351,0.03322738199039639
351,352,0.03334669339184564
352,353,0.03396768938780127
353,354,0.03502583385641546
354,355,0.034069648325814814
355,356,0.033925811206575264
356,357,0.034152141644262474
357,358,0.03333154039223498
358,359,0.03367274791541398
359,360,0.03709687288554964
360,361,0.037370222275213666
361,362,0.035708375176322485
362,363,0.035109181574383315
363,364,0.03468374244995577
364,365,0.03730712456242439
365,366,0.03484828778997111
366,367,0.03651430305721117
367,368,0.03568469756053333
368,369,0.03659585765110701
369,370,0.038237313659953795
370,371,0.036958170669330805
371,372,0.03553624912493315
372,373,0.03696395826480619
373,374,0.03808985800065137
374,375,0.03619266352195093
375,376,0.037483685898753914
376,377,0.037967200611994115
377,378,0.03704999324831476
378,379,0.037814793131835535
379,380,0.03771087340117661
380,381,0.03985322796963869
381,382,0.038208491326223414
382,383,0.039272126759582325
383,384,0.03707715327432305
384,385,0.03879499510152918
385,386,0.04005582374336659
386,387,0.03972153733436898
387,388,0.040053965116878906
388,389,0.03877563546895843
389,390,0.03863665065436752
390,391,0.038872796118150844
391,392,0.03988442804434645
392,393,0.041729481461677584
393,394,0.04176086206472375
394,395,0.039805918879749935
395,396,0.04189747222164999
396,397,0.04107806152883968
397,398,0.04075781620402656
398,399,0.04303193134744693
399,400,0.04068602557328381
400,401,0.042244938353426104
401,402,0.04125126954430409
402,403,0.03991970318992645
403,404,0.041470309224007414
404,405,0.0422195931882097
405,406,0.04149438883805104
406,407,0.04228680439881853
407,408,0.04247141565502776
408,409,0.042019569549482064
409,410,0.040611905261402056
410,411,0.041989243243937345
411,412,0.04349859490249998
412,413,0.04183183717077153
413,414,0.041591098897446346
414,415,0.04193997574236668
415,416,0.043074610394870906
416,417,0.043219250339211035
417,418,0.04380946219795576
418,419,0.04535196254442363
419,420,0.041957167005171075
420,421,0.042353106822445925
421,422,0.04215947531840912
422,423,0.04464860018810607
423,424,0.042526209519452934
424,425,0.044285585409291985
425,426,0.042017445981818426
426,427,0.04405749650029552
427,428,0.04318285962966959
428,429,0.04467966318414302
429,430,0.04410891391487854
430,431,0.044833876076677284
431,432,0.04160806878502589
432,433,0.04458059832895911
433,434,0.04644530018873748
434,435,0.0440921055860348
435,436,0.0430474538634887
436,437,0.04431675178075909
437,438,0.04355431019150251
438,439,0.04526537463837681
439,440,0.04346747004545503
440,441,0.0447859693119254
441,442,0.04563638861469392
442,443,0.045343289792544775
443,444,0.04417502093005728
444,445,0.046099432257326545
445,446,0.04366003407831911
446,447,0.04633893999318819
447,448,0.04550162563487534
448,449,0.04582845455178621
449,450,0.045573770000479394
450,451,0.04531554822719985
451,452,0.0444652336169617
452,453,0.04608120710376127
453,454,0.04631342481809082
454,455,0.04600903935914498
455,456,0.04605932271310348
456,457,0.047542160845619096
457,458,0.047380619634488495
458,459,0.04680443921996981
459,460,0.046535234166374145
460,461,0.04603424797617561
461,462,0.04845216950257385
462,463,0.046867315404673655
463,464,0.04726098475475058
464,465,0.04747765929191115
465,466,0.04599425475646102
466,467,0.0471836137670428
467,468,0.04689417688255869
468,469,0.046825487690108906
469,470,0.04690585241830838
470,471,0.04760572414881033
471,472,0.04767779684203001
472,473,0.047143799515451126
473,474,0.04881494525327161
474,475,0.047775268648471966
475,476,0.04726441534279809
476,477,0.049041281084240516
477,478,0.048870032914950734
478,479,0.04973066653652505
479,480,0.04848911964338363
480,481,0.049227895594883296
481,482,0.04718883668896047
482,483,0.04824286738009786
483,484,0.04974885029182769
484,485,0.04927732559638094
485,486,0.04940925453661861
486,487,0.04833781950398823
487,488,0.04920340922537127
488,489,0.04787706445016845
489,490,0.050895589964569346
490,491,0.048531934620515804
491,492,0.050171510350827356
492,493,0.0481036933262723
493,494,0.05030306132334654
494,495,0.049716498760579396
495,496,0.05035543599121697
496,497,0.051516631130464674
497,498,0.050763073967557394
498,499,0.050084875352423994
499,500,0.04920895664569836
500,501,0.05079443138853751
501,502,0.050901978408825085
502,503,0.05158721331948244
503,504,0.05136536868299194
504,505,0.05006358748540733
505,506,0.050088401596441325
506,507,0.051336719321252375
507,508,0.05008951761517695
508,509,0.051110944291185165
509,510,0.05314406125883521
510,511,0.05057530641961343
511,512,0.05259529937570072
512,513,0.05165467323535283
513,514,0.051387990482137415
514,515,0.05308176682878979
515,516,0.05096496093554341
516,517,0.05111044750044602
517,518,0.05122350419671791
518,519,0.05156545109657634
519,520,0.05277534880394967
520,521,0.05257295708368052
521,522,0.051966798870373164
522,523,0.05195172296983902
523,524,0.05268007631295825
524,525,0.051511072351184975
525,526,0.05207992383765904
526,527,0.05190570242578705
527,528,0.05220292710333494
528,529,0.05171198579365884
529,530,0.052922373298763134
530,531,0.053609484779312086
531,532,0.05311031077086292
532,533,0.05324117468907731
533,534,0.05544943810053547
534,535,0.05600977072354476
535,536,0.05331708197863919
536,537,0.05352392568336446
537,538,0.05520884632991578
538,539,0.05246045766964219
539,540,0.05315486844536814
540,541,0.05358144091756058
541,542,0.05249209143682966
542,543,0.05431087451256687
543,544,0.05405803401337812
544,545,0.05460222058311166
545,546,0.05493397458500195
546,547,0.055446262286189
547,548,0.05531385959659589
548,549,0.053604259143622615
549,550,0.05315926003558363
550,551,0.055292963235268514
551,552,0.056664321476574776
552,553,0.0540995220520181
553,554,0.055209183741929346
554,555,0.05588971028441088
555,556,0.055333585085975225
556,557,0.053923293444616514
557,558,0.05593585440833042
558,559,0.055703001048482984
559,560,0.056217345935722654
560,561,0.05474732364354815
561,562,0.05576635349620781
562,563,0.05602956857631031
563,564,0.0564056503631471
564,565,0.05631020587325414
565,566,0.05970787609758351
566,567,0.057140948408362514
567,568,0.05730965836865607
568,569,0.05744100165922968
569,570,0.05653525648051814
570,571,0.05832742904984661
571,572,0.056722577984097064
572,573,0.05804568293510769
573,574,0.05903191502745647
574,575,0.05699780763224884
575,576,0.058472228813897145
576,577,0.058469622476049865
577,578,0.05773157929448849
578,579,0.057495322636435475
579,580,0.058655161037419835
580,581,0.05958923900350431
581,582,0.05854646402834314
582,583,0.05932191737154776
583,584,0.05962696153918264
584,585,0.0571538585987561
585,586,0.0592518460288054
586,587,0.06004348292036047
587,588,0.057623567152055244
588,589,0.058113149715803405
589,590,0.05936929125377917
590,591,0.058863377704070755
591,592,0.05963475766434394
592,593,0.059333279664640456
593,594,0.05891412947325404
594,595,0.058243547736522086
595,596,0.05914496278890742
596,597,0.06000860178524915
597,598,0.058796081499340666
598,599,0.05985288294152595
599,600,0.0622698167671356
600,601,0.0598545547396606
601,602,0.06234268252964783
602,603,0.05969785202838389
603,604,0.06023652200801222
604,605,0.06182480849898571
605,606,0.06015032288734794
606,607,0.06024454334663435
607,608,0.06292929579704248
608,609,0.06272529244718228
609,610,0.06216973021300305
610,611,0.0627570629731797
611,612,0.06104138666792329
612,613,0.06297437487436455
613,614,0.06172345421032608
614,615,0.061489458654234275
615,616,0.06198799230307467
616,617,0.06257140843787516
617,618,0.060059721514042895
618,619,0.06412978961163975
619,620,0.06278377618758511
620,621,0.06334955472664514
621,622,0.06074169774244507
622,623,0.06240598468162924
623,624,0.06351106022309887
624,625,0.06212056329385407
625,626,0.06321979294468247
626,627,0.06304161820740035
627,628,0.06266698946843699
628,629,0.062247488786286595
629,630,0.06342083923661379
630,631,0.06531525570123085
631,632,0.0642473062260083
632,633,0.06464254349725022
633,634,0.062347441676554
634,635,0.06343203295799732
635,636,0.06365435592607376
636,637,0.0627189460944926
637,638,0.0650089642585741
638,639,0.0640029532546341
639,640,0.06541557351304352
640,641,0.06419159731198806
641,642,0.06453034782957938
642,643,0.06733351108836085
643,644,0.06483050577322208
644,645,0.06412815063774907
645,646,0.06683845274397968
646,647,0.06467381180361967
647,648,0.06648507513606254
648,649,0.06653024406843194
649,650,0.06464402823468218
650,651,0.06614223360214798
651,652,0.06692398819439518
652,653,0.06612349346838306
653,654,0.06691149792348292
654,655,0.06755755271150002
655,656,0.06402138621266087
656,657,0.06596767945411121
657,658,0.06730123227999804
658,659,0.06757857915096577
659,660,0.0678011499501581
660,661,0.06671665120923767
661,662,0.0683299429817629
662,663,0.06823785383405687
663,664,0.06709105470024684
664,665,0.06671883705905092
665,666,0.06768521543220891
666,667,0.06766188104929534
667,668,0.06924409253566635
668,669,0.06591079723112851
669,670,0.06807380913157017
670,671,0.066986634637228
671,672,0.06918541455045361
672,673,0.06891785012490421
673,674,0.06910908717676882
674,675,0.06812636567360136
675,676,0.06739707570502237
676,677,0.06997546904547705
677,678,0.06755309919099532
678,679,0.06828931906185919
679,680,0.06770333743160335
680,681,0.07085048175107196
681,682,0.06713072972222199
682,683,0.07027361040129475
683,684,0.06931232431258376
684,685,0.06769254964877114
685,686,0.0680282957638088
686,687,0.06900337054177433
687,688,0.06934934396925117
688,689,0.06871823563017834
689,690,0.06931973278387563
690,691,0.06814478390996999
691,692,0.07021834136280244
692,693,0.07063354088662917
693,694,0.0696011458244167
694,695,0.06996765825505655
695,696,0.06922290526499869
696,697,0.0694060454055527
697,698,0.06982127548939625
698,699,0.06800275142951859
699,700,0.07039239102529773
700,701,0.07228928551252171
701,702,0.06962342861093487
702,703,0.07124188744708551
703,704,0.07238529937322065
704,705,0.0720256078251126
705,706,0.06895570270634781
706,707,0.07086871509184695
707,708,0.07108824111844665
708,709,0.07160455950709539
709,710,0.07081654154416468
710,711,0.07279405108179351
711,712,0.06980427897959872
712,713,0.07098521546355771
713,714,0.07203744717083335
714,715,0.07123352991001017
715,716,0.07262189174894731
716,717,0.07295007433443892
717,718,0.0715284015593937
718,719,0.07293056662984468
719,720,0.07234393621222408
720,721,0.07066849718121461
721,722,0.07249630890381543
722,723,0.07419843051175143
723,724,0.07334982735069263
724,725,0.07236598061496263
725,726,0.0745720710814802
726,727,0.07414485350341965
727,728,0.07497669710390617
728,729,0.07347377067433904
729,730,0.07296144214171782
730,731,0.07530647255551093
731,732,0.07446495873628124
732,733,0.07242973444355134
733,734,0.07488562715161014
734,735,0.07435186833530849
735,736,0.07479214090337882
736,737,0.07338391045955943
737,738,0.07392141990632838
738,739,0.07516912473437806
739,740,0.07390870977993802
740,741,0.07270854804779055
741,742,0.07525871421297332
742,743,0.0738205898724347
743,744,0.07458965556098116
744,745,0.07413472557925756
745,746,0.07618419714467356
746,747,0.0759334567138747
747,748,0.0742937609403466
748,749,0.0752538954766596
749,750,0.07470340696408793
750,751,0.0748079457428643
751,752,0.07635382615121107
752,753,0.07496916138812246
753,754,0.07479661348926665
754,755,0.07395045070487409
755,756,0.07523280638600452
756,757,0.0747547287984236
757,758,0.07495166731613799
758,759,0.07422096058511499
759,760,0.07585728583517959
760,761,0.0756612278515578
761,762,0.07454974726887145
762,763,0.07633963078739954
763,764,0.07503284748573288
764,765,0.07537076210884049
765,766,0.07623144700368373
766,767,0.07716214430825259
767,768,0.07479907055768342
768,769,0.07415175873453453
769,770,0.07448435360515046
770,771,0.07686457020101312
771,772,0.07524529710889953
772,773,0.07677153314814747
773,774,0.07639365091570875
774,775,0.07663611444253829
775,776,0.0764169835561164
776,777,0.07696317846217395
777,778,0.07718101659561957
778,779,0.07694953141980918
779,780,0.0782231424100919
780,781,0.07795158101344775
781,782,0.07724180865427868
782,783,0.07703634993665373
783,784,0.07814005430897689
784,785,0.0778169180759732
785,786,0.0768443515689654
786,787,0.08091707440269955
787,788,0.078061668311571
788,789,0.07710077614848357
789,790,0.07724010918930194
790,791,0.07727787466069613
791,792,0.07851245614654782
792,793,0.0769132397508074
793,794,0.07862137158214348
794,795,0.07741253414399477
795,796,0.07911432124449536
796,797,0.0767492931507548
797,798,0.07660793961485962
798,799,0.07766377254219015
799,800,0.07809531938706138
800,801,0.07610378760320581
801,802,0.07816861072764007
802,803,0.07780476392268164
803,804,0.07923993420982825
804,805,0.07917396102625555
805,806,0.07943454038969447
806,807,0.07856527414861278
807,808,0.0801194562482666
808,809,0.07918353561655767
809,810,0.07884307577592052
810,811,0.07964345041604974
811,812,0.07948182161060671
812,813,0.08109059747838884
813,814,0.08039329400093641
814,815,0.07888384494850428
815,816,0.08044434595024273
816,817,0.07877575772866874
817,818,0.07959563561709115
818,819,0.07947623123928352
819,820,0.08051428233650827
820,821,0.0800478158402613
821,822,0.07793875079749918
822,823,0.07942911979404796
823,824,0.0796588133650519
824,825,0.0817846387614129
825,826,0.07899356653744201
826,827,0.07997952463047045
827,828,0.07963620509506429
828,829,0.08049764192469924
829,830,0.07978396513420409
830,831,0.08130271448658757
831,832,0.0820472787767906
832,833,0.08286583571165505
833,834,0.08202717626873442
834,835,0.08148968153464095
835,836,0.08289788818910492
836,837,0.08182598539101796
837,838,0.08194801128840096
838,839,0.08099932303489016
839,840,0.08283102796889819
840,841,0.0819399520221016
841,842,0.08209628471291401
842,843,0.08272814498804451
843,844,0.08365356955159998
844,845,0.08181091517019295
845,846,0.08254212498235411
846,847,0.0810050696471923
847,848,0.0823656822505488
848,849,0.08404912448435549
849,850,0.08264628963439735
850,851,0.08334866807616435
851,852,0.08470101544657482
852,853,0.08310728019162808
853,854,0.08471403349808034
854,855,0.08449855548561692
855,856,0.08455022156392836
856,857,0.08339147996337468
857,858,0.0828648232106395
858,859,0.08260048124684034
859,860,0.08323890798886487
860,861,0.08356291700442516
861,862,0.08248435630288585
862,863,0.08478747117237753
863,864,0.08492293345542654
864,865,0.08298402414678448
865,866,0.08345159841962278
866,867,0.0837473672375049
867,868,0.08485688175833248
868,869,0.08338027598961965
869,870,0.08501684012336026
870,871,0.08384528527775212
871,872,0.08598449811935148
872,873,0.08334976076871337
873,874,0.08427544235666089
874,875,0.08375091863148502
875,876,0.08498066667193163
876,877,0.08512250870106276
877,878,0.08526246701348558
878,879,0.0845874393437659
879,880,0.08662057028311106
880,881,0.08531932644916748
881,882,0.08748893843892333
882,883,0.08672911276572924
883,884,0.08694474238674017
884,885,0.08562833699244246
885,886,0.08592632560617018
886,887,0.08706139854192674
887,888,0.08601487379529978
888,889,0.08784463901179812
889,890,0.08591768302869802
890,891,0.08594142523202948
891,892,0.08695312684472185
892,893,0.086804129863583
893,894,0.08782252926162216
894,895,0.08668800256501093
895,896,0.08808985047748435
896,897,0.08798090651873613
897,898,0.08683908770081455
898,899,0.08746883204353614
899,900,0.09026191560169361
900,901,0.08982196481972816
901,902,0.08854762641059567
902,903,0.08846706739401841
903,904,0.08960574055326995
904,905,0.08978328104221248
905,906,0.08869202075720961
906,907,0.08704057165716714
907,908,0.09042560835361209
908,909,0.0888082531912141
909,910,0.08923726273362295
910,911,0.09026205328757642
911,912,0.08869095787320594
912,913,0.08957093755837912
913,914,0.08765253429978219
914,915,0.09033481742807069
915,916,0.08868206452827491
916,917,0.090180116469785
917,918,0.08896060730983574
918,919,0.08982003413540206
919,920,0.08912246145012782
920,921,0.09010026209265211
921,922,0.08988061528709021
922,923,0.08969808029812158
923,924,0.08930136262364236
924,925,0.09109438678112647
925,926,0.08903769971914018
926,927,0.08996355058099591
927,928,0.09239139345066336
928,929,0.08979152005413289
929,930,0.08933547921478807
930,931,0.08923986021631888
931,932,0.09000980427376604
932,933,0.09114420253366155
933,934,0.0913017736018952
934,935,0.09009507744148297
935,936,0.09067177699982086
936,937,0.0911326953134723
937,938,0.09139378287124958
938,939,0.08899253767829121
939,940,0.09245876593687212
940,941,0.09145751408279652
941,942,0.09223134554141896
942,943,0.09107037061662619
943,944,0.09032140688301961
944,945,0.09076560229857349
945,946,0.09062638742852074
946,947,0.08989755349255057
947,948,0.09071543458895143
948,949,0.09125123365931886
949,950,0.0921563572590643
950,951,0.09289463972888176
951,952,0.09301975929571246
952,953,0.09392037729800007
953,954,0.09353525977984176
954,955,0.0927373989523826
955,956,0.09296414296515032
956,957,0.09303806094154769
957,958,0.09313674382965247
958,959,0.09424285176477035
959,960,0.09230211273902635
960,961,0.09273587007043171
961,962,0.09327704951115902
962,963,0.09359484377468005
963,964,0.09294053946256685
964,965,0.0919346614091178
965,966,0.09330399648772864
966,967,0.09321794504107137
967,968,0.09512679285388874
968,969,0.09431084625473815
969,970,0.0925748857673246
970,971,0.09369211827044552
971,972,0.09532218971739388
972,973,0.09416900268201744
973,974,0.09447624565759041
974,975,0.09548925729607191
975,976,0.09557689106976772
976,977,0.09586652152842469
977,978,0.09617791676738004
978,979,0.09499486765561198
979,980,0.09699167661907612
980,981,0.09504898334329505
981,982,0.09491284592597088
982,983,0.09538310653643295
983,984,0.09568384773471232
984,985,0.09575308929266163
985,986,0.09425962181269273
986,987,0.09528395608395389
987,988,0.09605924788598477
988,989,0.09568158783935655
989,990,0.09705722739323833
990,991,0.09576062863548036
991,992,0.09545500274591454
992,993,0.09877636917790648
993,994,0.09797652434215817
994,995,0.0968006112017699
995,996,0.09726295278748995
996,997,0.0967452179718667
997,998,0.09705628227477844
998,999,0.09820280284672066
999,1000,0.09631459259736194
1000,1001,0.09612209794962237
1001,1002,0.09569876630222969
1002,1003,0.09686647281126444
1003,1004,0.09573622076581753
1004,1005,0.09626227904009466
1005,1006,0.09638876246603448
1006,1007,0.09731125869730632
1007,1008,0.09832806464159058
1008,1009,0.09702029502689673
1009,1010,0.09769851479761045
1010,1011,0.09818660198395834
1011,1012,0.09813384238767833
1012,1013,0.09910569101840885
1013,1014,0.09933281212543885
1014,1015,0.09864016054658739
1015,1016,0.09799829341444162
1016,1017,0.09860613967579533
1017,1018,0.09901786870626186
1018,1019,0.09857897324938629
1019,1020,0.09884115189531337
1020,1021,0.09871028317935325
1021,1022,0.09820006365569979
1022,1023,0.09710992967798336
1023,1024,0.09824564418892472
1024,1025,0.09962788311022022
1025,1026,0.10054876579574504
1026,1027,0.09914800530984991
1027,1028,0.10086411738211773
1028,1029,0.10015532850607696
1029,1030,0.09980431045524284
1030,1031,0.10121013700593195
1031,1032,0.10070020756638112
1032,1033,0.10064304052045925
1033,1034,0.09927994625164913
1034,1035,0.09949223315681013
1035,1036,0.10199770388408758
1036,1037,0.10046327514367329
1037,1038,0.10145022685682847
1038,1039,0.10110224812237731
1039,1040,0.10022234398918199
1040,1041,0.10055334598958562
1041,1042,0.10059242681053218
1042,1043,0.1002339877087642
1043,1044,0.10081047785083237
1044,1045,0.09966264568198303
1045,1046,0.10073351763930176
1046,1047,0.10063397537938372
1047,1048,0.10164683255586442
1048,1049,0.10127203608652291
1049,1050,0.10146850651266619
1050,1051,0.10088075569531234
1051,1052,0.1008161800856098
1052,1053,0.10157973093243669
1053,1054,0.10109379675521243
1054,1055,0.10222812386742683
1055,1056,0.10095504831700733
1056,1057,0.10167875783353894
1057,1058,0.1024750412928751
1058,1059,0.10081795778401063
1059,1060,0.10206116604103725
1060,1061,0.10252426219226626
1061,1062,0.10308501680251594
1062,1063,0.10276759669646374
1063,1064,0.10270866448079793
1064,1065,0.10202726282004107
1065,1066,0.10169971392810506
1066,1067,0.10230203240871345
1067,1068,0.10359468570956094
1068,1069,0.10215663103146722
1069,1070,0.1027265251144394
1070,1071,0.10298195438119659
1071,1072,0.10210990654354761
1072,1073,0.10293513282623834
1073,1074,0.10275107403956807
1074,1075,0.10372172717241857
1075,1076,0.10460962189174336
1076,1077,0.10252685570151265
1077,1078,0.10298401757599045
1078,1079,0.10319478474726129
1079,1080,0.10355774378319463
1080,1081,0.10442553354496753
1081,1082,0.10545223227796822
1082,1083,0.10411252950824834
1083,1084,0.10421093667722925
1084,1085,0.10403204802500707
1085,1086,0.10268599263335765
1086,1087,0.10239382092931297
1087,1088,0.10371707181867858
1088,1089,0.10485556858708014
1089,1090,0.10604382504773997
1090,1091,0.10667614994901209
1091,1092,0.10328602572798436
1092,1093,0.10559094471859669
1093,1094,0.10401327270985947
1094,1095,0.10571067086800523
1095,1096,0.10637306450287638
1096,1097,0.10592078832088984
1097,1098,0.10669820087730712
1098,1099,0.10592502932175371
1099,1100,0.10519656649201903
1100,1101,0.10611402131099312
1101,1102,0.10524293766924339
1102,1103,0.10540382641666268
1103,1104,0.10643311026284612
1104,1105,0.10610499227424637
1105,1106,0.10606350801825229
1106,1107,0.10560280864339917
1107,1108,0.10454976770417486
1108,1109,0.10384656956504112
1109,1110,0.10484388039468992
1110,1111,0.10696242465741865
1111,1112,0.10627351020194813
1112,1113,0.10561539181788944
1113,1114,0.10481876719461329
1114,1115,0.1054511816983569
1115,1116,0.10602064651978867
1116,1117,0.10659969479595244
1117,1118,0.10742519001182702
1118,1119,0.10718662835262853
1119,1120,0.10809448931098091
1120,1121,0.10695174412004935
1121,1122,0.10779985093030911
1122,1123,0.10676588368023483
1123,1124,0.10611032335685151
1124,1125,0.10690650633664138
1125,1126,0.107133665309906
1126,1127,0.10705175140762255
1127,1128,0.1075617696117519
1128,1129,0.10736450729014022
1129,1130,0.10814332004131326
1130,1131,0.10928785615069692
1131,1132,0.10867213329833605
1132,1133,0.10693357692931542
1133,1134,0.10763934611484667
1134,1135,0.10808150201679775
1135,1136,0.10611416641979365
1136,1137,0.10939105994584812
1137,1138,0.10865896207646168
1138,1139,0.10915238509035059
1139,1140,0.10784196163719131
1140,1141,0.10872940938345924
1141,1142,0.10867688274252647
1142,1143,0.10725411516468193
1143,1144,0.10770304269131219
1144,1145,0.10831043237833489
1145,1146,0.10809891491358622
1146,1147,0.10947489492383937
1147,1148,0.10893759700291603
1148,1149,0.10878752222632701
1149,1150,0.10874756529402503
1150,1151,0.10799597588971972
1151,1152,0.10929355176616336
1152,1153,0.10863522895877324
1153,1154,0.10862620508539797
1154,1155,0.10800687598017336
1155,1156,0.11086264679339983
1156,1157,0.1096384534678789
1157,1158,0.10943790924421062
1158,1159,0.10983583479843446
1159,1160,0.11142888369168176
1160,1161,0.11024554342904411
1161,1162,0.11068909802853402
1162,1163,0.10977711253914439
1163,1164,0.11097471063252325
1164,1165,0.11179175625174231
1165,1166,0.11201383230291088
1166,1167,0.11152160172801354
1167,1168,0.11078898536378756
1168,1169,0.11196191200782626
1169,1170,0.11075002327953591
1170,1171,0.11129183951220041
1171,1172,0.1115211105340265
1172,1173,0.11349734291644475
1173,1174,0.11216830507617521
1174,1175,0.11164361349100012
1175,1176,0.11343701984513557
1176,1177,0.11300351997339493
1177,1178,0.11237757854884503
1178,1179,0.11161105718788918
1179,1180,0.11041068591015435
1180,1181,0.11149813492646735
1181,1182,0.1137581623684956
1182,1183,0.11329093050870973
1183,1184,0.11334675099611617
1184,1185,0.11175421029715378
1185,1186,0.11387482181306294
1186,1187,0.11183370339343326
1187,1188,0.11465809064116292
1188,1189,0.11316725726822023
1189,1190,0.11483187734689351
1190,1191,0.1128345921442502
1191,1192,0.11439177314406976
1192,1193,0.1140128772485344
1193,1194,0.11313994442288855
1194,1195,0.11438912664539691
1195,1196,0.11348555812643044
1196,1197,0.11394366032254559
1197,1198,0.11348365668620342
1198,1199,0.11289005390644283
1199,1200,0.11276219710020145
1200,1201,0.11393216920895803
1201,1202,0.11409350705098995
1202,1203,0.1141226473801474
1203,1204,0.11320932012908555
1204,1205,0.11351880079995254
1205,1206,0.11334587474446105
1206,1207,0.11423711506575543
1207,1208,0.11298739758942364
1208,1209,0.11456779708100477
1209,1210,0.11398274758143276
1210,1211,0.11539236709200626
1211,1212,0.11401072949408772
1212,1213,0.11312259605942639
1213,1214,0.1154832717689989
1214,1215,0.11511177421309607
1215,1216,0.11698247501452178
1216,1217,0.11542454005590677
1217,1218,0.11552490745750266
1218,1219,0.11593848847630972
1219,1220,0.11566361918714638
1220,1221,0.11413067348245334
1221,1222,0.11523908533557643
1222,1223,0.11530795294207148
1223,1224,0.11347176541778455
1224,1225,0.11618367089890984
1225,1226,0.11473044474255958
1226,1227,0.11561183181620775
1227,1228,0.11668794632710862
1228,1229,0.11483178415571478
1229,1230,0.11689745761680714
1230,1231,0.11597770954908064
1231,1232,0.11570523663256045
1232,1233,0.11599020475092767
1233,1234,0.1154197164029079
1234,1235,0.11581949022090807
1235,1236,0.11580123783376721
1236,1237,0.11675014416775686
1237,1238,0.11574293369761846
1238,1239,0.11646686077359591
1239,1240,0.11679604830927008
1240,1241,0.1175786978327749
1241,1242,0.11651230346897853
1242,1243,0.1157643302408949
1243,1244,0.11730436103708926
1244,1245,0.11708414561988909
1245,1246,0.11771505645480798
1246,1247,0.11845842480815091
1247,1248,0.11731451379991438
1248,1249,0.11740147906268521
1249,1250,0.11792313336284876
1250,1251,0.11744144601984992
1251,1252,0.1178059405918197
1252,1253,0.11677571580368654
1253,1254,0.1176897269953077
1254,1255,0.11692463608841744
1255,1256,0.11715920366987934
1256,1257,0.11874697333845066
1257,1258,0.12006547117319052
1258,1259,0.11736192965964876
1259,1260,0.11888225329618987
1260,1261,0.11946053327681275
1261,1262,0.11721306205074007
1262,1263,0.11845919240969513
1263,1264,0.11910192122663318
1264,1265,0.11918316735021331
1265,1266,0.11816356215242504
1266,1267,0.11899881054956803
1267,1268,0.11987926343005284
1268,1269,0.11779628167748588
1269,1270,0.1194378175588878
1270,1271,0.11949687742467338
1271,1272,0.12046946350266004
1272,1273,0.11956672005914067
1273,1274,0.11827485299408658
1274,1275,0.12036076631729217
1275,1276,0.11915200402171855
1276,1277,0.1209148452481172
1277,1278,0.12004860367685714
1278,1279,0.11932937238617103
1279,1280,0.11888975458468101
1280,1281,0.11957632346656295
1281,1282,0.11978772070897432
1282,1283,0.11996479789952433
1283,1284,0.11968150950352821
1284,1285,0.11958712365489603
1285,1286,0.12157586039160513
1286,1287,0.12031960502128022
1287,1288,0.12158566520658398
1288,1289,0.11934895081852656
1289,1290,0.12026335017119698
1290,1291,0.1208139317848459
1291,1292,0.12060986037947893
1292,1293,0.12148136234606384
1293,1294,0.12114871292960142
1294,1295,0.12138815286107943
1295,1296,0.12189377379092545
1296,1297,0.12182093865769668
1297,1298,0.12239548540648686
1298,1299,0.12256910382610735
1299,1300,0.12441021078737062
1300,1301,0.12145786715486276
1301,1302,0.12312731999969925
1302,1303,0.12415676629677597
1303,1304,0.1217605870508189
1304,1305,0.12232906549562388
1305,1306,0.12296808529148377
1306,1307,0.12430771861542245
1307,1308,0.12297698615679346
1308,1309,0.12450697299724536
1309,1310,0.12363009533800011
1310,1311,0.12452777339132814
1311,1312,0.12489674394512637
1312,1313,0.12345209317827983
1313,1314,0.12347144961635989
1314,1315,0.12512101103852252
1315,1316,0.12474127262257166
1316,1317,0.12227524181481261
1317,1318,0.12401728490733659
1318,1319,0.12405576733002104
1319,1320,0.12410426260112514
1320,1321,0.12471760404132459
1321,1322,0.12481670487947574
1322,1323,0.12537518121334407
1323,1324,0.12521083479592815
1324,1325,0.12488878476495362
1325,1326,0.12458289260614737
1326,1327,0.1256640232469522
1327,1328,0.12334669027900877
1328,1329,0.12641500474341202
1329,1330,0.12689796928314598
1330,1331,0.12550900622238848
1331,1332,0.12547392824498993
1332,1333,0.12617184979063595
1333,1334,0.12711961574360434
1334,1335,0.12663788588072128
1335,1336,0.12659997964938263
1336,1337,0.1258159275971363
1337,1338,0.12613240286328384
1338,1339,0.12777711728336616
1339,1340,0.12896560021228756
1340,1341,0.12801862155208038
1341,1342,0.12775645459115711
1342,1343,0.12808377889452688
1343,1344,0.1275431724467329
1344,1345,0.1263049728414811
1345,1346,0.12821168953694415
1346,1347,0.12769252580670504
1347,1348,0.12842729712870282
1348,1349,0.12795517161212955
1349,1350,0.12774024871227385
1350,1351,0.12747462269119791
1351,1352,0.12821549090713086
1352,1353,0.1261200901029735
1353,1354,0.1284574988857739
1354,1355,0.127619227882205
1355,1356,0.1279576246106866
1356,1357,0.1295017330264364
1357,1358,0.12897128097030047
1358,1359,0.12833399889530112
1359,1360,0.12829834763504416
1360,1361,0.12944798077679703
1361,1362,0.13016149437056743
1362,1363,0.1306799741002989
1363,1364,0.12949780470953015
1364,1365,0.12969467308700913
1365,1366,0.12961965020138466
1366,1367,0.13009549830276987
1367,1368,0.12866849562477917
1368,1369,0.12953567967232396
1369,1370,0.12884378604178465
1370,1371,0.12994945608618186
1371,1372,0.12839036523852118
1372,1373,0.12838403894340455
1373,1374,0.1304723850365621
1374,1375,0.1293580000215671
1375,1376,0.12950974716151667
1376,1377,0.1300429481743594
1377,1378,0.12982497544297375
1378,1379,0.13039168091249537
1379,1380,0.13057980949726974
1380,1381,0.13073079830682116
1381,1382,0.13097147835488585
1382,1383,0.13113867070047455
1383,1384,0.1305551112528047
1384,1385,0.13055995354850505
1385,1386,0.13194900977706805
1386,1387,0.13054647863186464
1387,1388,0.12990815576914017
1388,1389,0.1304440812017495
1389,1390,0.13203546848390313
1390,1391,0.13135641678125837
1391,1392,0.13202001022833243
1392,1393,0.1323923164553163
1393,1394,0.13095664589797867
1394,1395,0.1303654871170648
1395,1396,0.13089028413592738
1396,1397,0.13033270475501585
1397,1398,0.1312285643846482
1398,1399,0.1326852779145692
1399,1400,0.13137143192651593
1400,1401,0.1313884916118655
1401,1402,0.13102550489026066
1402,1403,0.13268740877738602
1403,1404,0.13239774540902677
1404,1405,0.13254136369562772
1405,1406,0.1326899366007928
1406,1407,0.13246838309891812
1407,1408,0.13364223158053737
1408,1409,0.1334997730752534
1409,1410,0.1343404778978056
1410,1411,0.1341223535287474
1411,1412,0.1332489105229812
1412,1413,0.13207497285079567
1413,1414,0.13208212343048434
1414,1415,0.13353497644155343
1415,1416,0.13325317570951428
1416,1417,0.1343907393413972
1417,1418,0.1332510234791628
1418,1419,0.1330119612907858
1419,1420,0.13468392525714695
1420,1421,0.13243792855255648
1421,1422,0.1345767956298972
1422,1423,0.13470126486884765
1423,1424,0.1349347930907822
1424,1425,0.13361518454361723
1425,1426,0.1360865488441467
1426,1427,0.13556775438166999
1427,1428,0.1340557738174472
1428,1429,0.1353724933435747
1429,1430,0.13504111446326678
1430,1431,0.13375115061301823
1431,1432,0.13477343424344873
1432,1433,0.13485040039396962
1433,1434,0.13435563397339406
1434,1435,0.1361814608330579
1435,1436,0.1360389022604369
1436,1437,0.13519753805551404
1437,1438,0.1344536471560426
1438,1439,0.13453699083709234
1439,1440,0.13608589826194462
1440,1441,0.13649976379471132
1441,1442,0.1348644245741175
1442,1443,0.1343476356732253
1443,1444,0.13516256571378582
1444,1445,0.1364739127645293
1445,1446,0.13368072909426956
1446,1447,0.13610014903508227
1447,1448,0.13664689037483996
1448,1449,0.13619305877752041
1449,1450,0.13644954039751545
1450,1451,0.1367477712213117
1451,1452,0.13716594062578724
1452,1453,0.13585826460089198
1453,1454,0.13475740001034087
1454,1455,0.1361480369991119
1455,1456,0.13756533937948529
1456,1457,0.13603980021465154
1457,1458,0.13613367558870065
1458,1459,0.13706307041015814
1459,1460,0.13586042999126247
1460,1461,0.1371025077679759
1461,1462,0.13723350577154136
1462,1463,0.13757307077555953
1463,1464,0.13698875250797835
1464,1465,0.136723528842841
1465,1466,0.13675520306825883
1466,1467,0.13666792357957494
1467,1468,0.13845444932498502
1468,1469,0.13704918743538738
1469,1470,0.1371867406596148
1470,1471,0.13793260747857414
1471,1472,0.13725797639460177
1472,1473,0.13736481933585104
1473,1474,0.13804031562514896
1474,1475,0.1370188799052478
1475,1476,0.13767504135322853
1476,1477,0.13802431238020524
1477,1478,0.13835738981129744
1478,1479,0.1383190759378206
1479,1480,0.13853466737468573
1480,1481,0.13965128711447514
1481,1482,0.13902121436564652
1482,1483,0.1391839685673537
1483,1484,0.13797734722670732
1484,1485,0.13878777931850658
1485,1486,0.13905054502899722
1486,1487,0.13923931941366025
1487,1488,0.13988789014280176
1488,1489,0.13881750775683482
1489,1490,0.13949926495123005
1490,1491,0.14014594137006392
1491,1492,0.13938434170897546
1492,1493,0.13909529137100438
1493,1494,0.1378354672799365
1494,1495,0.1392571652858355
1495,1496,0.13919141324385859
1496,1497,0.13959736075213108
1497,1498,0.13901721796086683
1498,1499,0.1398100189180161
1499,1500,0.14066534293614927
1500,1501,0.13906967995995617
1501,1502,0.14092508445999802
1502,1503,0.14014486196906817
1503,1504,0.14073752845907087
1504,1505,0.1398670162752132
1505,1506,0.1403272836382241
1506,1507,0.14072566129024028
1507,1508,0.14077415765139611
1508,1509,0.13974901202563156
1509,1510,0.14086277872590502
1510,1511,0.14110707658951285
1511,1512,0.14148991141459513
1512,1513,0.13971873139975674
1513,1514,0.13891904857663778
1514,1515,0.14170655886801548
1515,1516,0.14183538299444154
1516,1517,0.141523173657138
1517,1518,0.14139957106886153
1518,1519,0.1405775800218507
1519,1520,0.14175695713118197
1520,1521,0.14077298214635098
1521,1522,0.140878160946245
1522,1523,0.14264910097333747
1523,1524,0.14037927454246568
1524,1525,0.1419267825112979
1525,1526,0.14159885474740166
1526,1527,0.14020524192492737
1527,1528,0.14177499743145455
1528,1529,0.14026324921649652
1529,1530,0.14079543020947527
1530,1531,0.1429727319009352
1531,1532,0.14207498050404377
1532,1533,0.14325230565589325
1533,1534,0.14186723859307926
1534,1535,0.14394814414251372
1535,1536,0.14370150872879073
1536,1537,0.14137746392266154
1537,1538,0.14188231975317928
1538,1539,0.1415402579618821
1539,1540,0.14224850237960135
1540,1541,0.1427673386681148
1541,1542,0.1424425557350956
1542,1543,0.14318475296024255
1543,1544,0.1432598592027289
1544,1545,0.14289334819024652
1545,1546,0.14353253980346542
1546,1547,0.1432324633429281
1547,1548,0.1423841799096533
1548,1549,0.14309291013818112
1549,1550,0.14258058664645717
1550,1551,0.14370731703932588
1551,1552,0.14438930928949242
1552,1553,0.14200068824891604
1553,1554,0.14386621339137787
1554,1555,0.1430528652028935
1555,1556,0.14345410058606872
1556,1557,0.14385209864127244
1557,1558,0.14372386590872915
1558,1559,0.1450782156997478
1559,1560,0.1443468142998582
1560,1561,0.14364038632739634
1561,1562,0.14392214327810024
1562,1563,0.1444845261685543
1563,1564,0.14478060557465597
1564,1565,0.1430319146282901
1565,1566,0.14423201821919168
1566,1567,0.1438164869802508
1567,1568,0.1443317043323034
1568,1569,0.14605990086554926
1569,1570,0.14337195784733275
1570,1571,0.14415837491324326
1571,1572,0.14472908030667556
1572,1573,0.14506312179120306
1573,1574,0.14301190966305138
1574,1575,0.1452156326396579
1575,1576,0.1437148119406685
1576,1577,0.14471774298867582
1577,1578,0.1449662102409084
1578,1579,0.14456595192610555
1579,1580,0.14475485262620288
1580,1581,0.14486881316931216
1581,1582,0.14618707585524598
1582,1583,0.1449135058780954
1583,1584,0.14550990007222167
1584,1585,0.14576650647011638
1585,1586,0.14510485992575858
1586,1587,0.1455381460413379
1587,1588,0.14458669467630167
1588,1589,0.14610901971150256
1589,1590,0.14429367346738523
1590,1591,0.1463960579984947
1591,1592,0.1474181740527189
1592,1593,0.14551999118312886
1593,1594,0.14548169883262776
1594,1595,0.1466566344268076
1595,1596,0.14572316874480415
1596,1597,0.14686309558231975
1597,1598,0.14525371608582646
1598,1599,0.14517628240884178
1599,1600,0.14598286905410082
1600,1601,0.1467938296982352
1601,1602,0.14610204654769687
1602,1603,0.14571367546834144
1603,1604,0.14739490095046226
1604,1605,0.14620589564986153
1605,1606,0.1474755253808307
1606,1607,0.14724327260681508
1607,1608,0.14490910541002824
1608,1609,0.14699018263758315
1609,1610,0.14760653097198112
1610,1611,0.14759516133970965
1611,1612,0.14683378927419494
1612,1613,0.14596274443507462
1613,1614,0.14788683309410672
1614,1615,0.1487167523412843
1615,1616,0.1473765717102185
1616,1617,0.14690390873952022
1617,1618,0.14697525481475507
1618,1619,0.1484171704704888
1619,1620,0.14856220652978663
1620,1621,0.14899527385390568
1621,1622,0.1488503393411601
1622,1623,0.14743277660925042
1623,1624,0.14743962860475074
1624,1625,0.14636424974293039
1625,1626,0.14920932939157655
1626,1627,0.14662138429437702
1627,1628,0.14730189537039579
1628,1629,0.14704654506903156
1629,1630,0.1485641508226519
1630,1631,0.14689056022801317
1631,1632,0.14880704545216525
1632,1633,0.14827609025630512
1633,1634,0.14810051913778405
1634,1635,0.14840907710121168
1635,1636,0.14821011508111015
1636,1637,0.14772444140736377
1637,1638,0.1471300033509492
1638,1639,0.14929459178504279
1639,1640,0.14855946403930723
1640,1641,0.1495026576506689
1641,1642,0.1491000683832737
1642,1643,0.148641968728717
1643,1644,0.14931577146241673
1644,1645,0.14830680900074925
1645,1646,0.14953573159899422
1646,1647,0.1496209473076337
1647,1648,0.14844092070290946
1648,1649,0.14932521338716548
1649,1650,0.1486116158706993
1650,1651,0.14871283692533172
1651,1652,0.14851538285643195
1652,1653,0.1500326612091146
1653,1654,0.14863895137433633
1654,1655,0.14974024265039565
1655,1656,0.14925920018599417
1656,1657,0.1509660343258244
1657,1658,0.149282709232273
1658,1659,0.15111250873181098
1659,1660,0.15078657466116524
1660,1661,0.1502664032093873
1661,1662,0.15042734007515968
1662,1663,0.14968686820300467
1663,1664,0.15000782207302854
1664,1665,0.15072545654758093
1665,1666,0.14821097637590924
1666,1667,0.15050278801398237
1667,1668,0.15103800551609453
1668,1669,0.15081051539184578
1669,1670,0.15065190444144355
1670,1671,0.15091382219870658
1671,1672,0.15014547234812853
1672,1673,0.15144594672689632
1673,1674,0.1514453089575883
1674,1675,0.15211870762313084
1675,1676,0.15072531617003762
1676,1677,0.15066672155197747
1677,1678,0.1510691919377195
1678,1679,0.1498213948848566
1679,1680,0.15064526942713977
1680,1681,0.1501968677101741
1681,1682,0.1522533127587124
1682,1683,0.15197213172425278
1683,1684,0.1518488420726593
1684,1685,0.15175023646484803
1685,1686,0.15154438288308297
1686,1687,0.1518407017845167
1687,1688,0.15081703655244533
1688,1689,0.15149087665114752
1689,1690,0.15157589966076496
1690,1691,0.15185246725627782
1691,1692,0.15160369663438927
1692,1693,0.15308446215833776
1693,1694,0.15203745297928478
1694,1695,0.15188247252184
1695,1696,0.15227753687791373
1696,1697,0.15212031866852344
1697,1698,0.15161560341597574
1698,1699,0.15110762008377815
1699,1700,0.15254103579357517
1700,1701,0.1516754530784313
1701,1702,0.15240727789767528
1702,1703,0.15099927299734411
1703,1704,0.153428809454675
1704,1705,0.15199539654843225
1705,1706,0.15239813883373904
1706,1707,0.152658803452881
1707,1708,0.15265074148329333
1708,1709,0.15121363490934953
1709,1710,0.15239725056399317
1710,1711,0.15196279900785875
1711,1712,0.1532882849399913
1712,1713,0.15370582541456645
1713,1714,0.15158543294636118
1714,1715,0.15351274090957534
1715,1716,0.15162744531291167
1716,1717,0.15195433128209418
1717,1718,0.15271029159986532
1718,1719,0.15321531418422882
1719,1720,0.15423378781501698
1720,1721,0.15403521552215418
1721,1722,0.15301130814931307
1722,1723,0.1530833398664992
1723,1724,0.15478637313398144
1724,1725,0.15405447181643095
1725,1726,0.1524328791247263
1726,1727,0.15325405262586603
1727,1728,0.1527985814697869
1728,1729,0.1534471273289509
1729,1730,0.15356443270692757
1730,1731,0.15403557400815188
1731,1732,0.15379816596885207
1732,1733,0.15463136582758083
1733,1734,0.1541215249474453
1734,1735,0.1557350176327513
1735,1736,0.15395592944060013
1736,1737,0.15535703441806822
1737,1738,0.15488457857381493
1738,1739,0.15509679968829923
1739,1740,0.1533283823698451
1740,1741,0.15453300866861824
1741,1742,0.15498979677270003
1742,1743,0.15407435098738037
1743,1744,0.15438934007588256
1744,1745,0.15508162433346076
1745,1746,0.15413819510210183
1746,1747,0.15568960272221852
1747,1748,0.1559741954154153
1748,1749,0.15503803277625045
1749,1750,0.15479045117147194
1750,1751,0.15587549330792877
1751,1752,0.1551644037780464
1752,1753,0.1553999464783569
1753,1754,0.15501752397668594
1754,1755,0.15429033106808426
1755,1756,0.15630722961794927
1756,1757,0.15736682582499714
1757,1758,0.15689845538352193
1758,1759,0.15559323679583847
1759,1760,0.1566317778817975
1760,1761,0.1563426258475954
1761,1762,0.156675567249764
1762,1763,0.15617620425439688
1763,1764,0.15633445813028102
1764,1765,0.15795447789080147
1765,1766,0.15751335640849798
1766,1767,0.1569410944399319
1767,1768,0.15734849669345305
1768,1769,0.15717227982879886
1769,1770,0.15676961260183134
1770,1771,0.15728349048442808
1771,1772,0.1558633296528124
1772,1773,0.1561506851740839
1773,1774,0.15653114253209394
1774,1775,0.1564051995114831
1775,1776,0.15724289638753575
1776,1777,0.15625157272669682
1777,1778,0.15736185261212426
1778,1779,0.15768366774293446
1779,1780,0.15783262598897027
1780,1781,0.1580574051004248
1781,1782,0.15799209663227104
1782,1783,0.15871070258830042
1783,1784,0.15739861456378704
1784,1785,0.15860873272895945
1785,1786,0.15735841984710475
1786,1787,0.1579565548976668
1787,1788,0.15714779068125598
1788,1789,0.15791249474056235
1789,1790,0.15780616463056468
1790,1791,0.15800800680532318
1791,1792,0.157822469968881
1792,1793,0.15920015283326877
1793,1794,0.15817052568521212
1794,1795,0.15901661320635072
1795,1796,0.15821196053781064
1796,1797,0.15999209882974114
1797,1798,0.1589147878103919
1798,1799,0.16001979137495512
1799,1800,0.15894417839394748
1800,1801,0.15948512191382955
1801,1802,0.15908945928306678
1802,1803,0.15838912326706361
1803,1804,0.15881637730268158
1804,1805,0.15989897554286123
1805,1806,0.1614814213100681
1806,1807,0.16050858685975883
1807,1808,0.16017969639264448
1808,1809,0.15996299252649035
1809,1810,0.16151191417621796
1810,1811,0.16059921505850425
1811,1812,0.16031404571888155
1812,1813,0.15970163938049464
1813,1814,0.16039652158086815
1814,1815,0.16070495884166158
1815,1816,0.1603957353632625
1816,1817,0.16037207831904116
1817,1818,0.16125222533633235
1818,1819,0.16148736963062152
1819,1820,0.16168109196633737
1820,1821,0.15913458463843932
1821,1822,0.16078498343834097
1822,1823,0.16036731806865923
1823,1824,0.16144132927223873
1824,1825,0.16104880704315438
1825,1826,0.16233908178352557
1826,1827,0.16117690772109755
1827,1828,0.16121715231148953
1828,1829,0.16159724690406985
1829,1830,0.16164187473300343
1830,1831,0.16231612752108632
1831,1832,0.16321307847289585
1832,1833,0.16135785406413367
1833,1834,0.16316964277456197
1834,1835,0.16209041855159653
1835,1836,0.16396333091014095
1836,1837,0.16387131853022177
1837,1838,0.16283850799636237
1838,1839,0.16351427864888596
1839,1840,0.16270657748678827
1840,1841,0.1631681567752019
1841,1842,0.16327143419151935
1842,1843,0.1630224064952407
1843,1844,0.16233985710997526
1844,1845,0.16359979864636232
1845,1846,0.16319191230952385
1846,1847,0.16376698218074356
1847,1848,0.16275711302231466
1848,1849,0.16223087376900858
1849,1850,0.16330878617526062
1850,1851,0.16235473006807705
1851,1852,0.1635836081627156
1852,1853,0.16294317326370567
1853,1854,0.16364826049069295
1854,1855,0.1628933711908093
1855,1856,0.16477236776370396
1856,1857,0.1644695068655325
1857,1858,0.1642723150332742
1858,1859,0.16567346861930546
1859,1860,0.1638575267875522
1860,1861,0.16340096092134962
1861,1862,0.16421907029368318
1862,1863,0.1636727619717735
1863,1864,0.1653078338406379
1864,1865,0.16469162098296758
1865,1866,0.16379490588942666
1866,1867,0.1661027763726008
1867,1868,0.16589362643856537
1868,1869,0.1647534728428078
1869,1870,0.16512535409710774
1870,1871,0.16682361266635568
1871,1872,0.1655324944965405
1872,1873,0.16547669269372642
1873,1874,0.16644956709363934
1874,1875,0.16453955411545101
1875,1876,0.16728850922907745
1876,1877,0.16633709748464615
1877,1878,0.16525628583198593
1878,1879,0.16531846394540217
1879,1880,0.16683594687481978
1880,1881,0.16647968727119095
1881,1882,0.16652360106107827
1882,1883,0.1667536366735722
1883,1884,0.16784505946223005
1884,1885,0.1683317039174374
1885,1886,0.16776146029013517
1886,1887,0.16761107124409896
1887,1888,0.16632319163133263
1888,1889,0.16758915838000257
1889,1890,0.16647832965085727
1890,1891,0.1667176155605124
1891,1892,0.16679995316940577
1892,1893,0.1677938842124419
1893,1894,0.1668160221843668
1894,1895,0.16723194314156714
1895,1896,0.16672112226541727
1896,1897,0.1687362898854626
1897,1898,0.1670618307277451
1898,1899,0.16822237051609662
1899,1900,0.16783665161416303
1900,1901,0.16736248649668528
1901,1902,0.1675181687054307
1902,1903,0.1691254512061841
1903,1904,0.1692352329338564
1904,1905,0.16802886915578763
1905,1906,0.16814167753953627
1906,1907,0.16858732350469335
1907,1908,0.1689203190560941
1908,1909,0.16900100370389587
1909,1910,0.1671484836007562
1910,1911,0.16791175786611867
1911,1912,0.1681071150623626
1912,1913,0.1680942174862221
1913,1914,0.16919580575345955
1914,1915,0.16952037804263403
1915,1916,0.16971781638331004
1916,1917,0.17044278415577768
1917,1918,0.16899881928359858
1918,1919,0.16931274716197237
1919,1920,0.16815589086781785
1920,1921,0.16913461724672965
1921,1922,0.16999099349507557
1922,1923,0.16904190675905106
1923,1924,0.1702808561225408
1924,1925,0.16962985136495068
1925,1926,0.168751069366412
1926,1927,0.16989345993014893
1927,1928,0.16905252736882084
1928,1929,0.17055040962153578
1929,1930,0.17038550732835384
1930,1931,0.1687722200918333
1931,1932,0.17147025561131093
1932,1933,0.1699268310263708
1933,1934,0.17069967541418074
1934,1935,0.1694490937849838
1935,1936,0.17054020702709463
1936,1937,0.1697860834741834
1937,1938,0.1691320320238478
1938,1939,0.17013198904135002
1939,1940,0.17082084101485545
1940,1941,0.17139548309655067
1941,1942,0.17034594885928916
1942,1943,0.16995251552341606
1943,1944,0.17076172680185367
1944,1945,0.17185142470633893
1945,1946,0.17002097128580185
1946,1947,0.17141300904834839
1947,1948,0.17255618291874217
1948,1949,0.17084846232081707
1949,1950,0.17273958962420935
1950,1951,0.17035274379854953
1951,1952,0.17138484609756638
1952,1953,0.1713032959662329
1953,1954,0.17094453403769314
1954,1955,0.17137655991406928
1955,1956,0.17119602074197512
1956,1957,0.17216743020982894
1957,1958,0.1700104125050212
1958,1959,0.17099859457260944
1959,1960,0.17098375632197016
1960,1961,0.1709914012839308
1961,1962,0.1720311211553216
1962,1963,0.17142253866681653
1963,1964,0.17243935311443148
1964,1965,0.17193382071965574
1965,1966,0.17087482594723394
1966,1967,0.17117438361936724
1967,1968,0.17170563698798097
1968,1969,0.1724635547272912
1969,1970,0.17208956257810987
1970,1971,0.17178399887874246
1971,1972,0.17125524369599643
1972,1973,0.17203994256596647
1973,1974,0.17148334282390557
1974,1975,0.17278411546223665
1975,1976,0.17319739653230232
1976,1977,0.17323835426711393
1977,1978,0.17254207499185878
1978,1979,0.17373852854128402
1979,1980,0.1736451835168124
1980,1981,0.17226725030925302
1981,1982,0.17370664139092243
1982,1983,0.1733699273193932
1983,1984,0.17363493551023082
1984,1985,0.17350669418911088
1985,1986,0.17374006657327684
1986,1987,0.172176327837757
1987,1988,0.17182729554073273
1988,1989,0.17330198537176095
1989,1990,0.17391205393703513
1990,1991,0.1720099526130918
1991,1992,0.1727652906250093
1992,1993,0.17374114001438853
1993,1994,0.17252098054605514
1994,1995,0.17165967525760287
1995,1996,0.17282450793513
1996,1997,0.17481161524374123
1997,1998,0.17457442038786958
1998,1999,0.17423556495486964
1999,2000,0.17475190161586687
2000,2001,0.17387547590678598
2001,2002,0.1723090207829166
2002,2003,0.17452894155308898
2003,2004,0.17282357519009822
2004,2005,0.17360795487694275
2005,2006,0.17503137570988997
2006,2007,0.17379303629693715
2007,2008,0.17371930015969786
2008,2009,0.1755285260246368
2009,2010,0.17486127653176853
2010,2011,0.17381198671763598
2011,2012,0.1745108867710424
2012,2013,0.17604904118910297
2013,2014,0.17538447418156347
2014,2015,0.1746887735974344
2015,2016,0.17402205818601985
2016,2017,0.17512066861268635
2017,2018,0.1746223178148921
2018,2019,0.175143168051413
2019,2020,0.17618221706381923
2020,2021,0.17614320017152751
2021,2022,0.17633722011842726
2022,2023,0.17601752757016964
2023,2024,0.17595383808207754
2024,2025,0.17446148550750668
2025,2026,0.17620384259033614
2026,2027,0.17609058473984912
2027,2028,0.1754375658158303
2028,2029,0.17501885852122032
2029,2030,0.17547297455644442
2030,2031,0.17546458876905327
2031,2032,0.17669775246681854
2032,2033,0.17743927128381812
2033,2034,0.1771308136821375
2034,2035,0.17569379887326822
2035,2036,0.17654801548759225
2036,2037,0.17628683409895618
2037,2038,0.17603338953915385
2038,2039,0.17723608955531472
2039,2040,0.17725327845923472
2040,2041,0.17705950635660456
2041,2042,0.17774465421099467
2042,2043,0.17672387755041455
2043,2044,0.17786951863960487
2044,2045,0.177049391613407
2045,2046,0.17785579786533304
2046,2047,0.17629570963937174
2047,2048,0.1774060501138734
2048,2049,0.17762141809359577
2049,2050,0.1782026361260109
2050,2051,0.1785840870675858
2051,2052,0.17897388971117617
2052,2053,0.1769247866663703
2053,2054,0.17822491842657717
2054,2055,0.17741773704498293
2055,2056,0.17786956336017962
2056,2057,0.178752740274369
2057,2058,0.17806654356214685
2058,2059,0.17821046257410533
2059,2060,0.1795716188163548
2060,2061,0.1790569212979709
2061,2062,0.18058401131474663
2062,2063,0.1782841265616515
2063,2064,0.18071567684510503
2064,2065,0.18010914564262473
2065,2066,0.1790458066101843
2066,2067,0.18066417604170779
2067,2068,0.18028261705942167
2068,2069,0.17986306572095115
2069,2070,0.17963296954102298
2070,2071,0.17986798419827252
2071,2072,0.18075380668627797
2072,2073,0.18088316873114738
2073,2074,0.1808031707573066
2074,2075,0.18047444164332824
2075,2076,0.1812763081540613
2076,2077,0.17974945804585968
2077,2078,0.18065591200571238
2078,2079,0.18000748812316555
2079,2080,0.18086054997437032
2080,2081,0.18143469726741718
2081,2082,0.18109042605344058
2082,2083,0.180476956700248
2083,2084,0.1802393555532994
2084,2085,0.18039320309833032
2085,2086,0.18009705831412653
2086,2087,0.1811673379974285
2087,2088,0.18056388090802014
2088,2089,0.18164243234417998
2089,2090,0.1807329122065829
2090,2091,0.1812125790763627
2091,2092,0.18233111168785707
2092,2093,0.18206722328340566
2093,2094,0.1812518710108647
2094,2095,0.18251443257995173
2095,2096,0.18186668427633473
2096,2097,0.18215333867328815
2097,2098,0.180761720036503
2098,2099,0.18143670629929617
2099,2100,0.18123894208354682
2100,2101,0.18147609262012057
2101,2102,0.18136641755221833
2102,2103,0.18161711087515472
2103,2104,0.18109371408123787
2104,2105,0.18318333804974402
2105,2106,0.1818717161742492
2106,2107,0.1834179656846965
2107,2108,0.18256745565617377
2108,2109,0.18326738410459092
2109,2110,0.18311103306349938
2110,2111,0.18254482411932876
2111,2112,0.1817495762712822
2112,2113,0.18286500111370105
2113,2114,0.18187362589248618
2114,2115,0.1833036955637745
2115,2116,0.1831337392582455
2116,2117,0.18155175787530436
2117,2118,0.1833931228873698
2118,2119,0.18230864454363827
2119,2120,0.18361847892410324
2120,2121,0.18414031614678097
2121,2122,0.18367790854293653
2122,2123,0.18464445489665024
2123,2124,0.1832896790089411
2124,2125,0.18442450769923743
2125,2126,0.18342477537775154
2126,2127,0.18412126721108138
2127,2128,0.1838786363108137
2128,2129,0.18407788030144062
2129,2130,0.1842842567606195
2130,2131,0.18289754542540212
2131,2132,0.1843910419341929
2132,2133,0.18514424075306146
2133,2134,0.18292116190759794
2134,2135,0.1837895472375853
2135,2136,0.18445214878846955
2136,2137,0.1856649956283371
2137,2138,0.18597081044535485
2138,2139,0.18348479407109722
2139,2140,0.18401871198978006
2140,2141,0.18435782618525437
2141,2142,0.18505224487213412
2142,2143,0.18488546963716457
2143,2144,0.18447465129738155
2144,2145,0.18427875525197182
2145,2146,0.1852818281792151
2146,2147,0.1843065376527839
2147,2148,0.18523696681028753
2148,2149,0.18575794097095022
2149,2150,0.18490767438260436
2150,2151,0.18512390778405036
2151,2152,0.18617382095094978
2152,2153,0.18640804612591658
2153,2154,0.18570552360551934
2154,2155,0.1856660256241951
2155,2156,0.1872137852933892
2156,2157,0.18607992436070045
2157,2158,0.18660720709573983
2158,2159,0.18576011531370512
2159,2160,0.1870077056474665
2160,2161,0.18610966741189103
2161,2162,0.18606292299293012
2162,2163,0.18669791640772868
2163,2164,0.18679500427336365
2164,2165,0.18590176506943124
2165,2166,0.18591232927295753
2166,2167,0.1864314451197377
2167,2168,0.1853415166024256
2168,2169,0.18684879148562494
2169,2170,0.18748198099364363
2170,2171,0.18735877905613188
2171,2172,0.18710761905248446
2172,2173,0.18683234198673088
2173,2174,0.18795692517833665
2174,2175,0.1884169391864867
2175,2176,0.1869813086539611
2176,2177,0.1872054457612504
2177,2178,0.18733920486023697
2178,2179,0.1879432240013999
2179,2180,0.186737652405225
2180,2181,0.1873003135816152
2181,2182,0.18832899575370293
2182,2183,0.18873498186471718
2183,2184,0.18844572582537372
2184,2185,0.18807517447769256
2185,2186,0.18804896292079626
2186,2187,0.18873252168704288
2187,2188,0.18773934174633206
2188,2189,0.18851338965837755
2189,2190,0.18858898147121544
2190,2191,0.18927799339071705
2191,2192,0.18803868046892785
2192,2193,0.18790903410305923
2193,2194,0.1887525061880754
2194,2195,0.1882890821276979
2195,2196,0.1883114533854573
2196,2197,0.1879465170039472
2197,2198,0.1882092102685499
2198,2199,0.18869856259706408
2199,2200,0.18951770118648611
2200,2201,0.1894301885641962
2201,2202,0.18937880391302964
2202,2203,0.1897787282549442
2203,2204,0.18824144299207862
2204,2205,0.18963738939427954
2205,2206,0.18985842241227413
2206,2207,0.18998378599132099
2207,2208,0.19028365695876773
2208,2209,0.19106820040456973
2209,2210,0.19072336651783434
2210,2211,0.1901687174083132
2211,2212,0.19011671217363563
2212,2213,0.18966266630871345
2213,2214,0.18962187702956945
2214,2215,0.19078671758626536
2215,2216,0.1894775892328679
2216,2217,0.18995818059453126
2217,2218,0.19060571869996581
2218,2219,0.1904881575929533
2219,2220,0.19007051391782281
2220,2221,0.1912056857726392
2221,2222,0.19016073534732716
2222,2223,0.1917039574851005
2223,2224,0.19030649075878908
2224,2225,0.190078818470173
2225,2226,0.19053689952841485
2226,2227,0.19105243642050854
2227,2228,0.18981570316615312
2228,2229,0.19005763858147698
2229,2230,0.1906367124861093
2230,2231,0.19228020225688347
2231,2232,0.19083515731093192
2232,2233,0.19119050689541717
2233,2234,0.19026937049426623
2234,2235,0.19042869716311622
2235,2236,0.19065886969798307
2236,2237,0.1909475598214367
2237,2238,0.19151319464917116
2238,2239,0.19239498925815351
2239,2240,0.19101206479298377
2240,2241,0.19055728771270625
2241,2242,0.19193785236621463
2242,2243,0.1910986483439543
2243,2244,0.19184762532246638
2244,2245,0.1916951688559709
2245,2246,0.19269389158739675
2246,2247,0.19076210201897628
2247,2248,0.1915718394159275
2248,2249,0.1920671222587273
2249,2250,0.19106159119003302
2250,2251,0.19213061683936575
2251,2252,0.1924406580115557
2252,2253,0.19172738972487083
2253,2254,0.19191074657545357
2254,2255,0.1914463431456806
2255,2256,0.19249982724699272
2256,2257,0.19158279707558104
2257,2258,0.19317748402306223
2258,2259,0.19252760396512805
2259,2260,0.19240823137885626
2260,2261,0.19308899227680126
2261,2262,0.1930186094482665
2262,2263,0.19313685582762197
2263,2264,0.19192149833040265
2264,2265,0.19287665605726528
2265,2266,0.19308878783690758
2266,2267,0.19340232813901753
2267,2268,0.1925909394908361
2268,2269,0.1930877301706181
2269,2270,0.19308763374455096
2270,2271,0.19273125333913624
2271,2272,0.19414630446884346
2272,2273,0.19342209038923575
2273,2274,0.19342624751064139
2274,2275,0.1927433008285215
2275,2276,0.19336225255789558
2276,2277,0.19354650783992836
2277,2278,0.19346128883389968
2278,2279,0.1945450523404311
2279,2280,0.19353322248335328
2280,2281,0.19370029225816407
2281,2282,0.19401159352798297
2282,2283,0.19361916428089998
2283,2284,0.19253701138763946
2284,2285,0.19480901408710327
2285,2286,0.1949682215350813
2286,2287,0.19392882913369608
2287,2288,0.194136106228798
2288,2289,0.19404726331488048
2289,2290,0.19375822996138278
2290,2291,0.19413058416345463
2291,2292,0.19417092443305306
2292,2293,0.19454521979292494
2293,2294,0.19450478245991681
2294,2295,0.19521527473108669
2295,2296,0.19593969909975487
2296,2297,0.19588333678214453
2297,2298,0.19382726838863337
2298,2299,0.19528185108639903
2299,2300,0.19579118926099734
2300,2301,0.1955843019996488
2301,2302,0.19639779391378204
2302,2303,0.19591806677328288
2303,2304,0.19616081639807284
2304,2305,0.19591573117925154
2305,2306,0.19681159110604904
2306,2307,0.1964116692028811
2307,2308,0.1959054434775332
2308,2309,0.19702287944996177
2309,2310,0.19575420517546094
2310,2311,0.19566789893051637
2311,2312,0.1969049555966634
2312,2313,0.19636416435522444
2313,2314,0.19639986084998204
2314,2315,0.19683894858793374
2315,2316,0.19627894934329837
2316,2317,0.19652990067662796
2317,2318,0.19649487930448842
2318,2319,0.19672121052428443
2319,2320,0.19705899547494882
2320,2321,0.19754653260400754
2321,2322,0.19588490639702077
2322,2323,0.1959304791656211
2323,2324,0.19776993898932912
2324,2325,0.19700896205045831
2325,2326,0.196367870427985
2326,2327,0.19652718951632353
2327,2328,0.1972026640523173
2328,2329,0.19828571994660987
2329,2330,0.19744703272330008
2330,2331,0.19738806249891616
2331,2332,0.19782113561239373
2332,2333,0.19826362818074209
2333,2334,0.19691160878758637
2334,2335,0.19759838866999377
2335,2336,0.1972832421525899
2336,2337,0.19657210303035172
2337,2338,0.19843678140181426
2338,2339,0.19747052115476973
2339,2340,0.19849216245666018
2340,2341,0.1984165534076946
2341,2342,0.19839038067041834
2342,2343,0.19819786757013394
2343,2344,0.19895796695675416
2344,2345,0.1977964853759437
2345,2346,0.19836621711910382
2346,2347,0.19843405481353188
2347,2348,0.1986542125683908
2348,2349,0.1986459180376266
2349,2350,0.1979752851198421
2350,2351,0.19726143591230275
2351,2352,0.19826739645014285
2352,2353,0.19916626943890753
2353,2354,0.19906406471687188
2354,2355,0.1986656308654113
2355,2356,0.19927532772261752
2356,2357,0.1990860493899359
2357,2358,0.20028916233862332
2358,2359,0.19869856859032362
2359,2360,0.19913296897200167
2360,2361,0.19855212717519455
2361,2362,0.19927613537311145
2362,2363,0.19904393447278337
2363,2364,0.20079234483378663
2364,2365,0.19977724577312655
2365,2366,0.19932963173808546
2366,2367,0.20029028641635618
2367,2368,0.19940038899153265
2368,2369,0.19898090556789227
2369,2370,0.19880910371788008
2370,2371,0.1988442515171353
2371,2372,0.19936911380265956
2372,2373,0.19796507476330802
2373,2374,0.20055010691302627
2374,2375,0.19987604564329148
2375,2376,0.200324029662687
2376,2377,0.19957355356526663
2377,2378,0.19998513914641244
2378,2379,0.20064026956993325
2379,2380,0.20012120607136805
2380,2381,0.2007614301804732
2381,2382,0.20048799542160806
2382,2383,0.20091027120214422
2383,2384,0.2017029712183936
2384,2385,0.2016560007051158
2385,2386,0.20105672326916074
2386,2387,0.20115122002324365
2387,2388,0.20232633962643143
2388,2389,0.20060778974241167
2389,2390,0.20086084165461204
2390,2391,0.2008626043987643
2391,2392,0.20191915510341354
2392,2393,0.20112291235227908
2393,2394,0.2021743122863135
2394,2395,0.20129133127641782
2395,2396,0.20248877592387102
2396,2397,0.20303073653590736
2397,2398,0.20191107951675483
2398,2399,0.20275261829434177
2399,2400,0.20101136113082432
2400,2401,0.20237900366253755
2401,2402,0.20253002924764188
2402,2403,0.20236570472223683
2403,2404,0.2013325922742537
2404,2405,0.2028025262703213
2405,2406,0.20289251316210893
2406,2407,0.2023581870880565
2407,2408,0.20130977071708825
2408,2409,0.2024384491202666
2409,2410,0.20286727985144326
2410,2411,0.20094349873664158
2411,2412,0.20231419856573934
2412,2413,0.20334180290452145
2413,2414,0.2027613039201844
2414,2415,0.20199460270844782
2415,2416,0.20439719068043322
2416,2417,0.20223208855834124
2417,2418,0.2027603989428964
2418,2419,0.20258384868476295
2419,2420,0.20407559854665167
2420,2421,0.20414104855470888
2421,2422,0.20274318499717228
2422,2423,0.20223485033526584
2423,2424,0.20156930419412217
2424,2425,0.20444686703365647
2425,2426,0.2028822300439824
2426,2427,0.203379895713978
2427,2428,0.20339488739928924
2428,2429,0.2049045632225944
2429,2430,0.20268930859490628
2430,2431,0.20340359511519307
2431,2432,0.20458438498483086
2432,2433,0.2022353641940632
2433,2434,0.20351053462538848
2434,2435,0.20439161726259072
2435,2436,0.20371850728240917
2436,2437,0.20378862921055987
2437,2438,0.20492649092051143
2438,2439,0.20428372534421566
2439,2440,0.20384346280009527
2440,2441,0.20318185477568265
2441,2442,0.20482917502519243
2442,2443,0.2032461212731934
2443,2444,0.2039081673558941
2444,2445,0.20370746454748248
2445,2446,0.2035754016205537
2446,2447,0.2029738540458314
2447,2448,0.20385945334136962
2448,2449,0.2053568469987502
2449,2450,0.20501711331538425
2450,2451,0.20455532357536263
2451,2452,0.20351163282742452
2452,2453,0.20509472232324777
2453,2454,0.2054325169150885
2454,2455,0.20392601402326246
2455,2456,0.20576358403319572
2456,2457,0.20611673051358678
2457,2458,0.20482344125120072
2458,2459,0.20506436785633814
2459,2460,0.20535990463741122
2460,2461,0.20531480979923478
2461,2462,0.20442520211303278
2462,2463,0.2052634723645972
2463,2464,0.20593924354635534
2464,2465,0.20600178207840186
2465,2466,0.20756847614151228
2466,2467,0.20576321943901807
2467,2468,0.2055095161913484
2468,2469,0.2062176310488398
2469,2470,0.2061698520945061
2470,2471,0.20589874786488438
2471,2472,0.205553165101156
2472,2473,0.20610539944129286
2473,2474,0.20641426958777526
2474,2475,0.20544858754653422
2475,2476,0.20715084474465964
2476,2477,0.20621784836706109
2477,2478,0.20564407648853855
2478,2479,0.20745222133368318
2479,2480,0.20665796777528644
2480,2481,0.20667034698593728
2481,2482,0.20790070847223494
2482,2483,0.20721340970898666
2483,2484,0.20657477871796365
2484,2485,0.20680280591771938
2485,2486,0.2067427234431908
2486,2487,0.2066232842977563
2487,2488,0.20766890965001789
2488,2489,0.20690718247034737
2489,2490,0.2069101061441016
2490,2491,0.20630310655915327
2491,2492,0.2069118141466439
2492,2493,0.20684261215934024
2493,2494,0.20761274539423188
2494,2495,0.2077157761809923
2495,2496,0.2078709730079027
2496,2497,0.20790747682350025
2497,2498,0.20725068551616146
2498,2499,0.20815767490360698
2499,2500,0.20945899131917364
2500,2501,0.2070610350131648
2501,2502,0.207566509448613
2502,2503,0.20860050445541303
2503,2504,0.2072680810991366
2504,2505,0.20832866559337954
2505,2506,0.20842056438469828
2506,2507,0.2088554085488498
2507,2508,0.20827609062214875
2508,2509,0.2078082342643631
2509,2510,0.2080506223692265
2510,2511,0.20856073811658055
2511,2512,0.2087006182900648
2512,2513,0.20766689025279272
2513,2514,0.2077838356279466
2514,2515,0.20835367895774598
2515,2516,0.2096888555358564
2516,2517,0.20892107778966396
2517,2518,0.20892055676147483
2518,2519,0.20897780569975746
2519,2520,0.20855176084695293
2520,2521,0.20860533695430075
2521,2522,0.2102997422392968
2522,2523,0.2094506220165402
2523,2524,0.20941419243587847
2524,2525,0.2087672268595279
2525,2526,0.20979133622700594
2526,2527,0.20949767379944073
2527,2528,0.20952062130921179
2528,2529,0.2093776723996336
2529,2530,0.2095253515312173
2530,2531,0.20965879965749373
2531,2532,0.20921505298852394
2532,2533,0.20905794027212857
2533,2534,0.20978677012068264
2534,2535,0.21022366908112958
2535,2536,0.20973738049973223
2536,2537,0.20917199675229536
2537,2538,0.20965733194167474
2538,2539,0.21075664431709082
2539,2540,0.2108969181233101
2540,2541,0.21050051895511515
2541,2542,0.20854052682627494
2542,2543,0.21112008274716937
2543,2544,0.21002104172071082
2544,2545,0.21018160656116272
2545,2546,0.21076312561146965
2546,2547,0.21041496577158075
2547,2548,0.21064480849839998
2548,2549,0.2102067290288736
2549,2550,0.21090398283027456
2550,2551,0.2105108856972937
2551,2552,0.21053956783268393
2552,2553,0.21106397113203842
2553,2554,0.2105242959202159
2554,2555,0.2106405136296842
2555,2556,0.21026488105436472
2556,2557,0.21137629441613265
2557,2558,0.21053300961988808
2558,2559,0.21065955695344146
2559,2560,0.2104339888171892
2560,2561,0.21027316008465274
2561,2562,0.21044195977868535
2562,2563,0.21120968229274828
2563,2564,0.20905688484910367
2564,2565,0.21208886384881534
2565,2566,0.2112547214392282
2566,2567,0.21107693895751223
2567,2568,0.21286785273540434
2568,2569,0.21106447860468217
2569,2570,0.2109953894085844
2570,2571,0.21107883931222532
2571,2572,0.21145072337724224
2572,2573,0.21102733505612906
2573,2574,0.21159728713612264
2574,2575,0.2120365744506477
2575,2576,0.2119966092499829
2576,2577,0.21137351796626164
2577,2578,0.21154284763155232
2578,2579,0.21115342308842217
2579,2580,0.21229655493046184
2580,2581,0.21218341348813846
2581,2582,0.21186791576282923
2582,2583,0.21178729312288752
2583,2584,0.21293451230627092
2584,2585,0.2119204969151089
2585,2586,0.21256798885030787
2586,2587,0.2121117653864145
2587,2588,0.21249391932591233
2588,2589,0.2135060534347509
2589,2590,0.21345961341607475
2590,2591,0.21145567721353134
2591,2592,0.21310120612133082
2592,2593,0.21330191828060485
2593,2594,0.2128106886203937
2594,2595,0.21339866920763678
2595,2596,0.21344647213578746
2596,2597,0.21307826340690011
2597,2598,0.2151281647887849
2598,2599,0.21189781364460672
2599,2600,0.213507886787048
2600,2601,0.2126236407119697
2601,2602,0.21294422189169748
2602,2603,0.21374328626615502
2603,2604,0.21402455949591698
2604,2605,0.21380271289311165
2605,2606,0.21457622391826225
2606,2607,0.21360422304515855
2607,2608,0.21414601404269998
2608,2609,0.21430462029804692
2609,2610,0.21300920545916852
2610,2611,0.21312216497583733
2611,2612,0.2151146021301425
2612,2613,0.21411520040761772
2613,2614,0.21421431104298633
2614,2615,0.2138121929427384
2615,2616,0.21464905598387868
2616,2617,0.21456748534256515
2617,2618,0.2145266400025682
2618,2619,0.2146138461443611
2619,2620,0.21475238726387286
2620,2621,0.21453142923225
2621,2622,0.2148519835110918
2622,2623,0.21458514952747904
2623,2624,0.2137498847810122
2624,2625,0.21414173207674772
2625,2626,0.21453978035864218
2626,2627,0.21447961974106522
2627,2628,0.21352424030626707
2628,2629,0.2144704469560151
2629,2630,0.21452666436041118
2630,2631,0.21516119806150585
2631,2632,0.2141952984997677
2632,2633,0.21377922700108334
2633,2634,0.2150133583678246
2634,2635,0.21629390829341172
2635,2636,0.21578591783873263
2636,2637,0.2154381824429455
2637,2638,0.21518412577979756
2638,2639,0.21546592456020602
2639,2640,0.21508009393426689
2640,2641,0.21599327631743695
2641,2642,0.21476312658308946
2642,2643,0.21555583426345581
2643,2644,0.21632562735041047
2644,2645,0.21652055451635963
2645,2646,0.21664856392994122
2646,2647,0.21611981264679292
2647,2648,0.21660785098662924
2648,2649,0.21659298232836446
2649,2650,0.21577733008309846
2650,2651,0.21564997464254554
2651,2652,0.21666486809904822
2652,2653,0.2168113561723834
2653,2654,0.21564656175801544
2654,2655,0.21620753236614818
2655,2656,0.21724782449979035
2656,2657,0.21689353133645323
2657,2658,0.215967573426201
2658,2659,0.21713472536954131
2659,2660,0.2164480165540533
2660,2661,0.21728954020948116
2661,2662,0.216374426575679
2662,2663,0.21698688739353944
2663,2664,0.21649282599526112
2664,2665,0.21560921833441968
2665,2666,0.2167091871637367
2666,2667,0.21680276550996172
2667,2668,0.21724908910180035
2668,2669,0.2164480612746565
2669,2670,0.21795885177284155
2670,2671,0.21763768208138248
2671,2672,0.2167831737770328
2672,2673,0.21754921573649572
2673,2674,0.21706212484584375
2674,2675,0.21762317337129708
2675,2676,0.2173731935367719
2676,2677,0.21803445764376747
2677,2678,0.21777178759977606
2678,2679,0.21853475764035749
2679,2680,0.217570061069772
2680,2681,0.21795292821701634
2681,2682,0.21835298845788262
2682,2683,0.21717639429542465
2683,2684,0.21768822197378945
2684,2685,0.21782973199632477
2685,2686,0.21796753682881626
2686,2687,0.21758838995332938
2687,2688,0.2179330882786835
2688,2689,0.21883670912641356
2689,2690,0.21825125633411896
2690,2691,0.2185633845266696
2691,2692,0.21807093458142163
2692,2693,0.21916260876483018
2693,2694,0.21903353069580817
2694,2695,0.21801765846325796
2695,2696,0.2194621809700493
2696,2697,0.2179501876579824
2697,2698,0.2198165576868547
2698,2699,0.2188917870365165
2699,2700,0.21837707961173763
2700,2701,0.21868580962375303
2701,2702,0.21905450537793106
2702,2703,0.21978632720066504
2703,2704,0.2187946280974081
2704,2705,0.21892620866636786
2705,2706,0.21947567642553573
2706,2707,0.21994750912848024
2707,2708,0.21949131739394775
2708,2709,0.21855877394235032
2709,2710,0.21991171044399094
2710,2711,0.21941492369406795
2711,2712,0.21984031173042862
2712,2713,0.21887320503198343
2713,2714,0.2205139776104003
2714,2715,0.22049907219144113
2715,2716,0.2209965815275318
2716,2717,0.22035546298816144
2717,2718,0.21913444650630276
2718,2719,0.2197022626993373
2719,2720,0.22041192754349587
2720,2721,0.2219082549827736
2721,2722,0.22044019177721155
2722,2723,0.22119915966337755
2723,2724,0.22235732415825343
2724,2725,0.22143244365836062
2725,2726,0.2216390566957256
2726,2727,0.22067022064200667
2727,2728,0.22115838531636603
2728,2729,0.22117715581286207
2729,2730,0.22069306379357673
2730,2731,0.2213193460100856
2731,2732,0.2208869072687869
2732,2733,0.22171933988653966
2733,2734,0.22231320245331437
2734,2735,0.22224216180369455
2735,2736,0.22076362597161392
2736,2737,0.2222954868645247
2737,2738,0.2228270753940989
2738,2739,0.22301714108934925
2739,2740,0.22232846214931956
2740,2741,0.22251568561568574
2741,2742,0.2230793175008759
2742,2743,0.22285736418924373
2743,2744,0.22281911707041094
2744,2745,0.22201252964179088
2745,2746,0.22262136363484655
2746,2747,0.22181103199867316
2747,2748,0.2222463893621392
2748,2749,0.22149522034634178
2749,2750,0.22214090774116832
2750,2751,0.222330079298325
2751,2752,0.2244478298156162
2752,2753,0.22254621522494328
2753,2754,0.2218192650816409
2754,2755,0.22340474700330515
2755,2756,0.22203484326326067
2756,2757,0.2235261212052259
2757,2758,0.22210000706503533
2758,2759,0.22222228395875265
2759,2760,0.22411379830642741
2760,2761,0.22317556580084888
2761,2762,0.22262875927818207
2762,2763,0.22280901395149594
2763,2764,0.2231114231134618
2764,2765,0.22317363809194637
2765,2766,0.22361304876356708
2766,2767,0.2235652865253963
2767,2768,0.22334669662228687
2768,2769,0.22335398202146056
2769,2770,0.2229286002215846
2770,2771,0.2242701155387568
2771,2772,0.22375033689730506
2772,2773,0.22445988634879757
2773,2774,0.22387131096840954
2774,2775,0.22388168542133488
2775,2776,0.2246109208668745
2776,2777,0.22313183363863626
2777,2778,0.22375845687609647
2778,2779,0.22481767736542588
2779,2780,0.22382884848331347
2780,2781,0.22565237673923583
2781,2782,0.22334275084562855
2782,2783,0.2243706996622398
2783,2784,0.22465419271798787
2784,2785,0.22475241812076346
2785,2786,0.22430630047791872
2786,2787,0.225382838690096
2787,2788,0.22492120939573637
2788,2789,0.22578867696949972
2789,2790,0.2254408477391377
2790,2791,0.2262384670288069
2791,2792,0.22540363991584447
2792,2793,0.22460235910529502
2793,2794,0.22556258989573993
2794,2795,0.22583168497671552
2795,2796,0.2266677882894575
2796,2797,0.22517354816432378
2797,2798,0.22543781324693865
2798,2799,0.2255074570601235
2799,2800,0.22612361310727253
2800,2801,0.22635802446524692
2801,2802,0.2267021905644789
2802,2803,0.2257155668635554
2803,2804,0.2258285274732895
2804,2805,0.22543414050446975
2805,2806,0.22553890692968426
2806,2807,0.22767811112138414
2807,2808,0.22646294435546938
2808,2809,0.22586483953303277
2809,2810,0.22668145111547616
2810,2811,0.2265101155161353
2811,2812,0.2263001010830846
2812,2813,0.22762604413600815
2813,2814,0.2264232170402157
2814,2815,0.2274823208413884
2815,2816,0.22743248143410044
2816,2817,0.22669727991242888
2817,2818,0.22644632947354687
2818,2819,0.22680349280669834
2819,2820,0.22717459207634877
2820,2821,0.2274865262027904
2821,2822,0.2267008917064684
2822,2823,0.22654354353075995
2823,2824,0.22648131531109367
2824,2825,0.22653371902669833
2825,2826,0.2273137264938184
2826,2827,0.22596867646771052
2827,2828,0.2271331218112031
2828,2829,0.2267630850718445
2829,2830,0.22626795371966626
2830,2831,0.22742221256684214
2831,2832,0.22679640496561917
2832,2833,0.2270866042892284
2833,2834,0.22796430973922416
2834,2835,0.2275647634882118
2835,2836,0.22818172997026626
2836,2837,0.22712176570022996
2837,2838,0.2281343976584292
2838,2839,0.22729484279066564
2839,2840,0.22751139905669096
2840,2841,0.22771916407914108
2841,2842,0.22737367583885965
2842,2843,0.22743094349786536
2843,2844,0.22870674019687082
2844,2845,0.22623769612866879
2845,2846,0.22746814307724708
2846,2847,0.2281275779589244
2847,2848,0.22866379997508673
2848,2849,0.2285559788053905
2849,2850,0.2283709885589844
2850,2851,0.2288570475929967
2851,2852,0.22843177915723384
2852,2853,0.22897801157324654
2853,2854,0.2288240943676893
2854,2855,0.22888137224793792
2855,2856,0.22823686158947837
2856,2857,0.22991089941635345
2857,2858,0.22875918933460793
2858,2859,0.2284144715542848
2859,2860,0.22913775064977657
2860,2861,0.2290701115926977
2861,2862,0.22926308384664926
2862,2863,0.2293732006252381
2863,2864,0.22856511271710667
2864,2865,0.2294609440032084
2865,2866,0.2302262163504632
2866,2867,0.22936504145389275
2867,2868,0.23042153095487777
2868,2869,0.23019344874419634
2869,2870,0.2300821943792139
2870,2871,0.22979335510884544
2871,2872,0.23081534561325304
2872,2873,0.23075895692637355
2873,2874,0.23024104968676742
2874,2875,0.23046796213687887
2875,2876,0.2302025528632928
2876,2877,0.23062048218399495
2877,2878,0.23135116903518632
2878,2879,0.2306495097319739
2879,2880,0.23050719963498026
2880,2881,0.2316266250642899
2881,2882,0.23138154130026595
2882,2883,0.23025460235608394
2883,2884,0.230053083818078
2884,2885,0.23084147007473482
2885,2886,0.23025399572293542
2886,2887,0.2317435353831367
2887,2888,0.23074518985001732
2888,2889,0.2311988202178453
2889,2890,0.23043783962215153
2890,2891,0.23089519545187936
2891,2892,0.23120242905098926
2892,2893,0.2312725034251307
2893,2894,0.2310513042580896
2894,2895,0.23070801217448728
2895,2896,0.23126598514789026
2896,2897,0.23163193766483822
2897,2898,0.23167186369894846
2898,2899,0.23123111943322844
2899,2900,0.23237944359200693
2900,2901,0.2313586321740994
2901,2902,0.23257826779553978
2902,2903,0.231799032705759
2903,2904,0.23124585094582034
2904,2905,0.23182358160658012
2905,2906,0.23145742062116997
2906,2907,0.23271904430811002
2907,2908,0.23159258013507836
2908,2909,0.23163463664383416
2909,2910,0.2306921100874873
2910,2911,0.2318078910279513
2911,2912,0.23312284165533362
2912,2913,0.23219507443942686
2913,2914,0.2324580573333755
2914,2915,0.2325560824684773
2915,2916,0.23210018352370163
2916,2917,0.23231949290534307
2917,2918,0.2328235009477626
2918,2919,0.23240240968098536
2919,2920,0.2328663388396101
2920,2921,0.23425167583847747
2921,2922,0.23280968132121585
2922,2923,0.23500023236156808
2923,2924,0.23492039797657416
2924,2925,0.234713435116877
2925,2926,0.2334490176345952
2926,2927,0.23400359391879166
2927,2928,0.23351675983546732
2928,2929,0.2347608292596614
2929,2930,0.2349865955904394
2930,2931,0.2342957725417249
2931,2932,0.23434794365536255
2932,2933,0.2356153874150792
2933,2934,0.2344008994410971
2934,2935,0.23452270955393972
2935,2936,0.2347015534492319
2936,2937,0.2352977813969433
2937,2938,0.23464626554882995
2938,2939,0.2347564735286531
2939,2940,0.23494825580905404
2940,2941,0.23517298244837265
2941,2942,0.23554019733570458
2942,2943,0.23490791518958148
2943,2944,0.23449827833959952
2944,2945,0.23512956617696737
2945,2946,0.23540700024284106
2946,2947,0.23439616051722828
2947,2948,0.2349498880927085
2948,2949,0.23574244573179434
2949,2950,0.2341484708735245
2950,2951,0.23481532668242072
2951,2952,0.23548739061892965
2952,2953,0.23549608711334002
2953,2954,0.2355613116442365
2954,2955,0.2347142935838491
2955,2956,0.23631953685617035
2956,2957,0.23651192582358255
2957,2958,0.23567759430750446
2958,2959,0.23704393790378106
2959,2960,0.23618787602544078
2960,2961,0.23618840253950424
2961,2962,0.23757380974464345
2962,2963,0.2359546106004394
2963,2964,0.23608221105566035
2964,2965,0.23582524032341073
2965,2966,0.23696795326418144
2966,2967,0.23708695991257675
2967,2968,0.23638026937889936
2968,2969,0.23682980914117188
2969,2970,0.23662238580179537
2970,2971,0.2369449693688929
2971,2972,0.23801683111227048
2972,2973,0.23755350307516715
2973,2974,0.23759245142165905
2974,2975,0.2379037625888895
2975,2976,0.23676946051755327
2976,2977,0.2369636397972331
2977,2978,0.23786232976389962
2978,2979,0.2369976521237846
2979,2980,0.23751469186787305
2980,2981,0.2375289454032222
2981,2982,0.2378763759900126
2982,2983,0.23682384331515588
2983,2984,0.23658048885417804
2984,2985,0.23695492855350975
2985,2986,0.23741271208358375
2986,2987,0.2372438632063417
2987,2988,0.2374202862657028
2988,2989,0.23743278929572428
2989,2990,0.2376356649806204
2990,2991,0.23793210076126167
2991,2992,0.23816255192650387
2992,2993,0.23887254704612068
2993,2994,0.2382885314411188
2994,2995,0.2373658189751407
2995,2996,0.23812909904970625
2996,2997,0.239034223820675
2997,2998,0.23761920240278286
2998,2999,0.23819684758161713
2999,3000,0.2380358714508291
